id,domain,status,purchase_price,renewal_price,attractiveness,demand,length,registrar,created_at,expires_at,status_verified_at
7c0bb30b-74da-4251-94e8-1d06b9efc323,olga.immobilien,available,37.99,37.99,medium,low,4,namesilo,,,27/09/2026 01:37
c33c85da-85d4-40b3-8680-32bc34ea0cbb,misplaced.immobilien,available,14.99,48.99,medium,low,9,name.com,,,25/08/2026 01:32
4d5642d9-29ae-48a3-a6d3-33235ec5207d,anyhow.immobilien,available,39.98,43.98,medium,low,6,namecheap,,,13/09/2026 20:11
60845b49-a7ff-4706-b79f-0da1577b0f96,fever.immobilien,available,39.98,43.98,high,low,5,namecheap,,,29/09/2026 19:05
1e1378b8-f3ad-4958-81ad-07cb812257d6,chain.immobilien,available,29.2,29.2,high,low,5,cloudflare,,,29/09/2026 07:52
375bb20c-73b6-4ec7-8601-98cbe7a451d2,actin.immobilien,available,37.99,37.99,medium,low,5,namesilo,,,17/09/2026 04:37
23a1efbc-4074-442e-81bb-0e0a218e4354,surprise.immobilien,available,14.99,,high,low,8,name.com,,,
edaf636d-e38e-4669-9cb0-ba9c8adeda44,epileptic.immobilien,available,14.99,48.99,high,low,9,name.com,,,17/08/2026 10:58
dbcdfb65-a142-4a91-9d0c-ff486104e14d,citation.immobilien,available,8.24,31.15,high,low,8,dynadot,,,29/09/2026 18:20
f2ed6f15-ba48-45af-a5ad-c3794c8ee211,taurine.immobilien,available,37.99,37.99,medium,low,7,namesilo,,,11/09/2026 09:15
1857e34a-426a-42fc-905b-bed1da0e476f,steerable.immobilien,available,14.99,48.99,medium,low,9,name.com,,,14/08/2026 09:00
f4c98231-a27a-4498-8fe2-73a046f997a4,asymptote.immobilien,available,37.99,37.99,medium,low,9,namesilo,,,20/09/2026 18:41
6808de52-1dc3-4914-ad59-75b3e2153e8e,andvari.immobilien,available,37.99,37.99,medium,low,7,namesilo,,,19/09/2026 05:02
f9572122-89dd-4d8c-bc65-d3f0bba5f7d3,universities.immobilien,available,29.2,29.2,medium,low,12,cloudflare,,,28/09/2026 08:47
f6da7090-b1fe-4590-839f-36f20f942ebd,someone.immobilien,available,37.99,37.99,high,low,7,namesilo,,,25/09/2026 09:13
1a49a138-d4b0-4932-863b-abab9834a305,abroach.immobilien,available,14.99,48.99,medium,low,7,name.com,,,
ac67b8ef-61a7-48b1-a9dc-daa98cae84f1,puissant.immobilien,available,37.99,37.99,medium,low,8,namesilo,,,09/09/2026 05:53
7fdd0fb4-635e-4192-a12e-49fd600b007a,liqueur.immobilien,available,14.99,48.99,high,low,7,name.com,,,13/08/2026 01:02
c68803e7-9d91-4d64-aba2-04a7b15a7d2d,abject.immobilien,available,14.99,48.99,high,low,6,name.com,,,
53855a82-8eaa-4bce-bb37-a285c4423cda,putin.immobilien,available,37.99,37.99,high,low,5,namesilo,,,28/09/2026 02:59
a1b9ac9d-0f5a-48bf-b920-e173aaa11700,browse.immobilien,available,37.99,37.99,high,low,6,namesilo,,,29/09/2026 04:39
03d3ede2-6001-4640-a5ca-15f00d8d5c00,greek.immobilien,available,37.99,37.99,high,low,5,namesilo,,,08/09/2026 07:29
ea988788-cf1f-413f-9b54-836023188f11,duet.immobilien,available,29.2,29.2,high,low,4,cloudflare,,,29/09/2026 18:31
a8a72e07-ea17-45c2-a77e-3a3d9e72d85f,johnstown.immobilien,available,37.99,37.99,medium,low,9,namesilo,,,28/09/2026 22:27
88d47834-4857-432a-a188-f133c0e545e9,loses.immobilien,available,37.99,37.99,medium,low,5,namesilo,,,27/09/2026 11:07
7797e4b5-92b7-402d-8298-174120ac1136,winnebago.immobilien,available,29.2,29.2,high,low,9,cloudflare,,,29/09/2026 14:09
c0a030f2-0ea7-49e1-9876-4dd2c3cb7866,objectively.immobilien,available,14.99,,high,low,11,name.com,,,
f5d56155-0ced-4b68-8d80-a996a422b243,detestable.immobilien,available,14.99,48.99,medium,low,10,name.com,,,
06fd149f-8acd-49b7-b7af-516a585e7bbe,winifred.immobilien,available,37.99,37.99,medium,low,8,namesilo,,,28/09/2026 21:52
907add3b-4ddc-4df2-a8ea-2e3a6f8f1786,bastion.immobilien,available,39.98,43.98,high,low,7,namecheap,,,22/09/2026 12:50
34dd4bce-c23b-497c-a974-6200381af092,nepali.immobilien,available,37.99,37.99,high,low,6,namesilo,,,03/09/2026 15:37
05b21178-495f-4d7f-97ab-4064cb567f3a,champions.immobilien,available,39.98,43.98,high,low,9,namecheap,,,28/09/2026 13:32
d245547c-6dc6-4535-a127-770a991081b4,permanent.immobilien,available,14.99,48.99,high,low,9,name.com,,,22/08/2026 20:24
2df1efdf-92d9-482b-9a04-216157f00e7b,arithmancy.immobilien,available,37.99,37.99,medium,low,10,namesilo,,,20/09/2026 06:00
d88c7076-a854-4c00-817c-bcad210333e3,coexistent.immobilien,available,14.99,48.99,medium,low,10,name.com,,,12/08/2026 15:30
c3c94144-289f-4315-a029-42a7d9189a40,adulterate.immobilien,available,14.99,48.99,medium,low,10,name.com,,,
7df41849-ec5c-47bb-afff-e3ec22240f26,meatless.immobilien,available,14.99,48.99,medium,low,8,name.com,,,24/08/2026 18:33
2ec85f68-2974-4c0c-b242-84bc57ac2e82,simulated.immobilien,available,30.22,30.22,high,low,9,spaceship,,,28/09/2026 03:46
6c607cc1-0913-4e16-bfa3-5172f78914bd,faddish.immobilien,available,14.99,48.99,medium,low,7,name.com,,,17/08/2026 20:33
90b8b700-f7cc-4a2c-859a-d7f4868cc685,apprenticeship.immobilien,available,30.22,30.22,high,low,14,spaceship,,,28/09/2026 02:47
8034a420-2523-45e1-a627-540f788c62f6,linger.immobilien,available,37.99,37.99,medium,low,6,namesilo,,,11/09/2026 08:37
5c0007b2-6fc7-474a-9775-32f834063a07,conceptual.immobilien,available,14.99,48.99,high,low,10,name.com,,,12/08/2026 20:05
c489e57a-3711-406b-8141-7aca5bd8b53f,spring.immobilien,available,37.99,37.99,high,medium,6,namesilo,,,30/09/2026 01:44
19064493-524d-4ea1-ab00-7dbd90fb6196,indanger.immobilien,available,14.99,,medium,low,9,name.com,,,
1f97b047-858f-4c93-91c9-5ca0e171002b,mesonic.immobilien,available,14.99,48.99,medium,low,7,name.com,,,24/08/2026 21:09
40ff076b-b294-4dc4-9b7f-2a913a718a59,fizzy.immobilien,available,14.99,48.99,high,low,5,name.com,,,18/08/2026 06:03
d5a9d686-019b-4be9-8695-82b5f54a5ff3,xii.immobilien,available,37.99,37.99,high,low,3,namesilo,,,21/09/2026 11:25
55dae16e-a820-4b4b-a23e-0001abb8f663,agonus.immobilien,available,39.98,43.98,medium,low,6,namecheap,,,17/09/2026 18:59
07c26e79-9f3a-4ffa-8bc5-6f7ffbf93724,jfk.immobilien,available,8.24,30.38,high,low,3,porkbun,,,29/09/2026 13:11
5e65b618-2b54-4323-b9e8-d869e923999c,evenly.immobilien,available,37.99,37.99,high,low,6,namesilo,,,14/09/2026 16:30
341c0fa2-7b46-4cdc-9274-73af77ece59f,acceptable.immobilien,available,37.99,37.99,high,low,10,namesilo,,,21/09/2026 15:23
6d5d3166-24bf-4da7-a873-55eaf6aa7e0b,cascade.immobilien,available,29.2,29.2,high,medium,7,cloudflare,,,30/09/2026 01:01
84e39115-270d-4cee-bf98-9c3144523a53,equivalent.immobilien,available,37.99,37.99,high,low,10,namesilo,,,24/09/2026 14:50
5659b367-e96e-4287-ba96-9f12ebfba58a,bilge.immobilien,available,37.99,37.99,high,low,5,namesilo,,,23/09/2026 15:50
93c29cd4-e52f-415e-9d11-54fc3b7998c9,agamid.immobilien,available,37.99,37.99,medium,low,6,namesilo,,,17/09/2026 16:08
ce5f9c54-80ea-494d-8e4a-a19a61509fcf,goat.immobilien,available,8.24,31.15,high,medium,4,dynadot,,,29/09/2026 07:28
5827d19a-1d2f-4e07-b710-be1b1a4a1df7,diana.immobilien,available,37.99,37.99,high,low,5,namesilo,,,25/09/2026 22:22
2bb4b4b0-c2fb-41aa-bfd9-70041800659f,untitled.immobilien,available,37.99,37.99,high,low,8,namesilo,,,12/09/2026 11:12
78c85f4d-f70e-4bb5-b91e-4e2347ab1e6a,reticulate.immobilien,available,37.99,37.99,high,low,10,namesilo,,,09/09/2026 15:32
5b20d644-f846-495c-b0ca-21ad29c030fb,expectant.immobilien,available,37.99,37.99,high,low,9,namesilo,,,22/09/2026 06:48
8d0c4672-fb8b-4949-965e-a523b5d0adcd,intro.immobilien,available,37.99,37.99,high,low,5,namesilo,,,30/09/2026 00:18
de8751d5-799b-451a-ae5e-90606990b2eb,postbox.immobilien,available,14.99,,high,low,8,name.com,,,
c38da8d4-f5e1-4e50-8c79-ebd8ffb3fe12,babyhood.immobilien,available,37.99,37.99,high,low,8,namesilo,,,21/09/2026 13:48
59a76c34-d51e-4ddc-95ad-324108cc58e4,lublin.immobilien,available,37.99,37.99,medium,low,6,namesilo,,,28/09/2026 19:44
4be59a08-3c1b-4344-a0f8-a89c7c2fd444,spicy.immobilien,available,37.99,37.99,high,low,5,namesilo,,,24/09/2026 22:14
b3432f28-13a5-4e93-91e2-509b4609d176,grugru.immobilien,available,37.99,37.99,medium,low,6,namesilo,,,17/09/2026 03:33
06c21340-d0c3-47b7-9267-5d56deac9a4b,armoire.immobilien,available,37.99,37.99,high,low,7,namesilo,,,20/09/2026 07:20
9dd8f647-9f87-4386-8ab2-41a953c3d423,acoustic.immobilien,available,14.99,48.99,high,low,8,name.com,,,
71ccc1ef-f14c-409c-9c77-a920eddd2bec,twisting.immobilien,available,37.99,37.99,high,low,8,namesilo,,,11/09/2026 21:52
01c55f31-5d96-483a-90e5-9c138fe85a07,mentions.immobilien,available,37.99,37.99,medium,low,8,namesilo,,,17/09/2026 17:25
7dfdaaa6-25d2-436e-b2aa-179211ceeab1,outlet.immobilien,available,30.22,30.22,high,low,6,spaceship,,,29/09/2026 17:56
c71414a9-67e2-4b7b-b63d-aabd24cea8cd,guerrero.immobilien,available,37.99,37.99,high,low,8,namesilo,,,28/09/2026 04:07
eb487cd0-9ad7-4c94-bd93-4cacfc541207,either.immobilien,available,37.99,37.99,medium,low,6,namesilo,,,28/09/2026 14:39
7cca00e8-d8dd-4a92-9d76-ff8f1fac0a29,epochal.immobilien,available,14.99,48.99,high,low,7,name.com,,,17/08/2026 11:24
003f3741-f9a0-490b-9d75-28f8852b48e2,airspeed.immobilien,available,39.98,43.98,high,low,8,namecheap,,,17/09/2026 23:22
ea309a1c-5970-49ac-b4d9-136e00d1efe5,sisyphean.immobilien,available,37.99,37.99,medium,low,9,namesilo,,,10/09/2026 08:58
6faf6ac6-07eb-4f36-b855-6a5ed2e065de,shave.immobilien,available,37.99,37.99,high,low,5,namesilo,,,08/09/2026 20:41
0b3b43ed-2525-4e32-ab97-dced7c3b22da,bold.immobilien,available,37.99,37.99,high,medium,4,namesilo,,,22/09/2026 23:09
801f1ee5-ef49-406b-9464-fe2ec0d71f9a,sullen.immobilien,available,14.99,48.99,medium,low,6,name.com,,,20/08/2026 15:06
033a245f-642f-4728-aca4-9b3e128b19bc,antum.immobilien,available,37.99,37.99,medium,low,5,namesilo,,,19/09/2026 15:47
6912ba33-8fbf-4c92-9e10-bb81321c3a88,abelian.immobilien,available,37.99,37.99,high,low,7,namesilo,,,29/09/2026 08:39
ca7f7850-d522-48fe-be0f-0355cff2a701,addictive.immobilien,available,39.98,43.98,high,low,9,namecheap,,,21/09/2026 17:08
69b63daf-efeb-4808-9a46-d2bd66b050a0,ringing.immobilien,available,14.99,48.99,high,low,7,name.com,,,27/09/2026 05:00
9f5f4b5e-1c97-4656-9a2b-4a37234de093,fiery.immobilien,available,14.99,48.99,high,low,5,name.com,,,06/08/2026 16:24
bd8d9272-f239-4eb3-b485-7d7cdf994370,lunger.immobilien,available,14.99,48.99,medium,low,6,name.com,,,12/08/2026 23:06
a7fad242-abaf-4343-ac62-7cdbedce9926,insular.immobilien,available,14.99,48.99,medium,low,7,name.com,,,22/08/2026 07:38
972cf6d1-b398-466f-9c59-f077cf240052,zone.immobilien,available,30.22,30.22,high,low,4,spaceship,,,29/09/2026 16:21
d06ff73d-ccba-44bf-8853-e26311d249c7,gems.immobilien,available,37.99,37.99,high,low,4,namesilo,,,19/09/2026 19:45
f8c9b12d-f7ce-4ed2-a169-6ce048e6b0a9,path.immobilien,available,37.99,37.99,high,low,4,namesilo,,,25/09/2026 07:51
c0b1058a-ac41-494d-bd0d-e31941195067,wilfred.immobilien,available,30.22,30.22,medium,low,7,spaceship,,,28/09/2026 07:49
afeaad40-7dca-4ea1-b151-2062c8d64ca9,delhi.immobilien,available,39.98,43.98,high,low,5,namecheap,,,24/09/2026 21:36
78f2d61e-32a4-4e56-ba77-19e8a412da7a,confidant.immobilien,available,14.99,48.99,high,low,9,name.com,,,22/08/2026 08:30
b76785f6-1e31-4613-a576-f9bd53427a78,calgary.immobilien,available,37.99,37.99,high,low,7,namesilo,,,24/09/2026 11:43
dd08c7cb-e57c-40ce-bf08-c1ccf788802b,hegelian.immobilien,available,14.99,48.99,high,low,8,name.com,,,21/08/2026 06:14
e8c150a9-eb66-4d2e-9418-6a2e15ff4a6f,filar.immobilien,available,14.99,48.99,medium,low,5,name.com,,,18/08/2026 04:10
33756868-e320-4d39-bcad-96d057a97a04,anus.immobilien,available,39.98,43.98,medium,low,4,namecheap,,,19/09/2026 15:56
76f73540-5ef4-459a-90c0-5aa861eab6c3,rideshare.immobilien,available,14.99,,high,low,9,name.com,,,
ac0bb615-304c-46ba-a12a-7a5e76bb1c1d,indorse.immobilien,available,14.99,48.99,medium,low,7,name.com,,,08/08/2026 05:17
95e11d15-8d44-4e9c-9d90-36649b314137,seraphic.immobilien,available,14.99,48.99,high,low,8,name.com,,,12/08/2026 04:26
db5abc98-302a-4b86-bb83-c9b7ce9a100a,aneurin.immobilien,available,37.99,37.99,high,low,7,namesilo,,,19/09/2026 05:40
d7c83770-e63d-49a0-8c8c-594b2f31a5c6,spite.immobilien,available,39.98,43.98,high,low,5,namecheap,,,23/09/2026 22:22
67447031-c3eb-41d2-84b8-2c2038a9cd2c,insider.immobilien,available,8.24,31.15,high,low,7,dynadot,,,29/09/2026 19:20
cccf055e-e2df-4a01-a1f9-2edbabc5e76f,animism.immobilien,available,39.98,43.98,medium,low,7,namecheap,,,19/09/2026 09:19
2f7aa992-5473-4e32-95d1-277f17a1e26d,believing.immobilien,available,39.98,43.98,high,low,9,namecheap,,,23/09/2026 05:15
517717f9-6a52-4971-9dc8-debad92b5234,surfing.immobilien,available,37.99,37.99,high,low,7,namesilo,,,29/09/2026 02:15
77f34559-cb29-4485-aa51-ef608e465e19,measles.immobilien,available,14.99,,high,low,7,name.com,,,
500dad53-0f4f-4510-b5fc-e53c750a4b8c,approaching.immobilien,available,37.99,37.99,high,low,11,namesilo,,,25/09/2026 11:21
c817d32a-036b-494d-8112-4eaf9e1989d5,currawong.immobilien,available,37.99,37.99,medium,low,9,namesilo,,,23/09/2026 05:33
5ce5d381-5708-47ba-9ebc-83bfe7974bcd,evocative.immobilien,available,14.99,48.99,high,low,9,name.com,,,17/08/2026 15:14
24505173-724b-474b-8ba4-686f04095790,feng.immobilien,available,37.99,37.99,high,low,4,namesilo,,,27/09/2026 06:56
0a9b889b-d48b-45a5-a68b-925c3d379344,advocate.immobilien,available,39.98,43.98,high,low,8,namecheap,,,28/09/2026 19:06
0925f540-847e-49d2-ab04-5255ad0b6c6a,starry.immobilien,available,14.99,48.99,high,low,6,name.com,,,10/09/2026 18:58
b3022bef-888a-4cc7-87f4-923a032b0ca1,chancellor.immobilien,available,37.99,37.99,high,low,10,namesilo,,,28/09/2026 18:38
565f9911-eafa-43af-bc96-6493e480292c,mathematical.immobilien,available,30.22,30.22,medium,low,12,spaceship,,,28/09/2026 21:06
c6208544-a943-49d5-a033-83f9e82c3162,palatine.immobilien,available,37.99,37.99,medium,low,8,namesilo,,,04/09/2026 23:20
855bd053-40df-4b81-a68c-ef6fa3a3d98f,catechu.immobilien,available,39.98,43.98,medium,low,7,namecheap,,,16/09/2026 20:04
911a862c-1ab3-4a6c-9fc4-e25b63f8ac1a,ignored.immobilien,available,14.99,48.99,medium,low,7,name.com,,,21/08/2026 18:34
81f8a4eb-bf56-4671-ad39-9ce0b9e1d5ea,honors.immobilien,available,37.99,37.99,high,low,6,namesilo,,,28/09/2026 13:12
ba5225ee-fa15-46f0-8d7a-5de0436cba19,body.immobilien,available,37.99,37.99,high,low,4,namesilo,,,24/09/2026 06:32
ae2e4661-0b49-4693-b0c9-96a02e142a09,theories.immobilien,available,29.2,29.2,medium,low,8,cloudflare,,,28/09/2026 05:40
aeef79ce-a9a6-407f-828d-765871b7f32d,tellingly.immobilien,available,37.99,37.99,medium,low,9,namesilo,,,16/09/2026 08:14
fdc9e937-121e-440f-a63b-ecf7bf1e413e,disuse.immobilien,available,39.98,43.98,high,low,6,namecheap,,,24/09/2026 23:14
b764fb84-0b1d-4d95-8184-5d96d9bdd151,swop.immobilien,available,37.99,37.99,high,low,4,namesilo,,,22/09/2026 08:57
d006a7ac-feb4-43ae-9b29-e830ec498583,springbuck.immobilien,available,37.99,37.99,medium,low,10,namesilo,,,19/09/2026 14:19
eb60db90-1ded-4b27-a7bc-fb9a34c17691,moron.immobilien,available,14.99,48.99,medium,low,5,name.com,,,21/08/2026 20:28
2320ef51-3a8d-4587-8b4f-e5b90af1809f,distaste.immobilien,available,37.99,37.99,medium,low,8,namesilo,,,19/09/2026 14:55
34f2855a-1494-4acc-baf2-b039eb3971e7,superheroes.immobilien,available,37.99,37.99,high,low,11,namesilo,,,21/09/2026 05:42
1b12f682-ee02-4c89-b154-dac2a3ebf84c,anarchic.immobilien,available,14.99,48.99,medium,low,8,name.com,,,
2c0e78cb-fff4-4f65-9af6-d1067703ce0f,tormented.immobilien,available,14.99,48.99,medium,low,9,name.com,,,
9561e4b2-aea7-405f-9ee5-76acbabc99ff,slapped.immobilien,available,29.2,29.2,low,low,7,cloudflare,,,29/09/2026 23:39
049bcafa-68f7-4f50-bb35-0250b62fafcb,winterhaven.immobilien,available,14.99,,high,low,12,name.com,,,
1d7b859a-59ff-4c50-b6d9-c568bda86e64,marvell.immobilien,available,37.99,37.99,high,low,7,namesilo,,,19/09/2026 04:47
eaaec6e9-d650-4ded-8b63-2e39f5b514bb,astray.immobilien,available,14.99,48.99,medium,low,6,name.com,,,13/09/2026 22:14
bf4b6c8c-0fa8-430c-baaa-9530f44d2a09,trickily.immobilien,available,37.99,37.99,low,low,8,namesilo,,,14/09/2026 09:11
c08e37eb-99b1-4a71-8705-f096c058d248,contemplating.immobilien,available,37.99,37.99,low,low,13,namesilo,,,18/09/2026 04:50
53531258-71cb-4135-b3b9-55dd86cedc5e,toed.immobilien,available,37.99,37.99,medium,low,4,namesilo,,,11/09/2026 16:41
b2c7f7b0-33ba-480c-a14b-0909e65a7419,amman.immobilien,available,37.99,37.99,high,low,5,namesilo,,,18/09/2026 21:59
a21002be-8d72-44f2-9aa5-672ec2ed501b,tout.immobilien,available,14.99,48.99,high,low,4,name.com,,,11/08/2026 01:03
fb5eacbd-cf84-4881-b6cc-8edef55e41c4,contrite.immobilien,available,14.99,48.99,high,low,8,name.com,,,12/08/2026 23:34
4a459c3b-c21a-45d6-8bb7-a8239c2e16af,dani.immobilien,available,30.22,30.22,high,low,4,spaceship,,,29/09/2026 15:20
97a0418c-ac76-4af7-80a6-3626532e6139,behold.immobilien,available,30.22,30.22,high,low,6,spaceship,,,28/09/2026 15:34
7379b240-c592-49b2-bee9-1d4cfb661aad,mileage.immobilien,available,29.2,29.2,high,low,7,cloudflare,,,29/09/2026 12:25
704ccfb0-5db2-4ddd-ba97-3c0e67dd38f1,clovers.immobilien,available,39.98,43.98,medium,low,7,namecheap,,,21/09/2026 06:52
72c33740-9030-4d45-a1c4-37daab7f4f44,freaky.immobilien,available,14.99,48.99,high,low,6,name.com,,,10/08/2026 10:01
30db5b4c-ca82-4d93-a23c-cdfe4fadc67f,boland.immobilien,available,29.2,29.2,medium,low,6,cloudflare,,,29/09/2026 04:35
4798bb7c-3d86-4944-a99b-6e3ce6bb1b1c,peaceful.immobilien,available,37.99,37.99,high,low,8,namesilo,,,27/09/2026 03:13
79c84daa-5bd2-4d71-9f89-a104e17b3904,arafat.immobilien,available,37.99,37.99,medium,low,6,namesilo,,,19/09/2026 23:42
f8c85ea7-b56f-46da-aa7d-a392547bb186,expressly.immobilien,available,37.99,37.99,medium,low,9,namesilo,,,14/09/2026 17:09
e36779a3-ae20-41ef-9e70-edf33ead8397,prosecuted.immobilien,available,8.24,30.38,low,low,10,porkbun,,,29/09/2026 17:43
bc7f1989-21d3-468f-9709-3336236609cc,what.immobilien,available,39.98,43.98,high,low,4,namecheap,,,25/09/2026 05:56
ed64e5af-6db4-47b3-8438-e7c0e050edb6,pizarro.immobilien,available,29.2,29.2,medium,low,7,cloudflare,,,30/09/2026 01:41
2d015771-9f9b-4abc-ae4a-85ff88f779d0,platoon.immobilien,available,8.24,31.15,high,low,7,dynadot,,,27/09/2026 15:14
0a394d7b-3bc7-4061-9065-8bb46dcc1825,prosecutor.immobilien,available,37.99,37.99,high,low,10,namesilo,,,27/09/2026 05:05
32006423-b6bf-4caa-9212-fec8dc642b3e,physiological.immobilien,available,39.98,43.98,medium,low,13,namecheap,,,29/09/2026 20:58
76be9a70-235d-4ff3-98ca-1c557a61d3b4,poop.immobilien,available,14.99,48.99,high,low,4,name.com,,,24/08/2026 10:29
8d081541-f9ed-4335-8c43-02588f41329e,conventionally.immobilien,available,14.99,,medium,low,14,name.com,,,
1c0f1a60-d09b-41de-a4b5-b4b07afc1f3a,zinc.immobilien,available,37.99,37.99,high,low,4,namesilo,,,20/09/2026 22:44
311c2f45-f5ab-4115-9d16-8e6f0322d3b8,fetching.immobilien,available,14.99,48.99,high,low,8,name.com,,,18/08/2026 02:20
af917b7f-ca2d-47e8-8e47-339ad7f2a974,canola.immobilien,available,39.98,43.98,high,low,6,namecheap,,,24/09/2026 12:06
e2a40ceb-57ff-4224-accb-78e87267b01a,turf.immobilien,available,37.99,37.99,high,low,4,namesilo,,,28/09/2026 05:54
3ff3cd59-77fb-44eb-bb6d-1a1c1b684c3f,tecumseh.immobilien,available,29.2,29.2,medium,low,8,cloudflare,,,29/09/2026 08:12
1a6a3e83-b8e4-483c-8fb6-ff894ba6be01,unclogged.immobilien,available,37.99,37.99,medium,low,9,namesilo,,,12/09/2026 05:28
41c0b748-1666-44fa-8fc3-eefbdd821a2c,draped.immobilien,available,14.99,48.99,high,low,6,name.com,,,14/08/2026 18:23
bd6564b9-187b-4685-9338-f18faa7a9555,freshly.immobilien,available,14.99,48.99,high,low,7,name.com,,,18/08/2026 15:18
7dc852ee-d1b8-4f56-b0cd-65b2daa45815,ended.immobilien,available,14.99,48.99,high,low,5,name.com,,,
5c737c62-d7c6-494d-a059-14f990d3e7c2,cocks.immobilien,available,37.99,37.99,medium,low,5,namesilo,,,18/09/2026 23:39
0f2bbabe-63bf-44b5-98d1-fd2584678cb9,babar.immobilien,available,37.99,37.99,high,low,5,namesilo,,,21/09/2026 12:14
f13f72d2-3712-4845-abdb-075f4c6c4bd9,grabs.immobilien,available,8.24,31.15,medium,low,5,dynadot,,,29/09/2026 11:38
115ce1e6-fbe0-414f-ab6d-79ea5b85fa4d,plaguey.immobilien,available,14.99,48.99,medium,low,7,name.com,,,
7866afab-1225-4843-8845-3e0c3d6d581e,thankfully.immobilien,available,37.99,37.99,high,low,10,namesilo,,,16/09/2026 08:28
d829fadd-9b58-4d4c-b6d9-fd42d0fe79af,nuevo.immobilien,available,8.24,30.38,high,low,5,porkbun,,,28/09/2026 04:18
6c1faa0f-56f0-4138-95ee-a625793f1b05,luxuriant.immobilien,available,14.99,48.99,high,low,9,name.com,,,15/08/2026 22:14
54ada912-173a-4e55-9317-b753a1e55e64,basin.immobilien,available,37.99,37.99,high,low,5,namesilo,,,22/09/2026 10:56
aad91fc7-ca02-4ca2-adc8-979366de159d,boozer.immobilien,available,14.99,48.99,medium,low,6,name.com,,,
3f19dd7d-f835-461f-94e4-3fe780f8eb6f,adenine.immobilien,available,39.98,43.98,medium,low,7,namecheap,,,17/09/2026 07:24
dfd0fd94-c4ce-4cd0-ba26-48cefffc9487,foliate.immobilien,available,14.99,48.99,high,low,7,name.com,,,18/08/2026 10:15
aa520bba-22fc-4dec-93c0-57dc0b409bd2,hoping.immobilien,available,37.99,37.99,high,low,6,namesilo,,,25/09/2026 11:50
4c9f108f-2bf0-459e-ae03-3b319c505c98,turning.immobilien,available,39.98,43.98,high,low,7,namecheap,,,26/09/2026 00:27
0051e386-f67d-4172-b687-330720b71085,sus.immobilien,available,8.24,31.15,high,low,3,dynadot,,,28/09/2026 14:17
6a816765-74b8-4d8d-95de-1195f7f4c41f,dishonesty.immobilien,available,37.99,37.99,high,low,10,namesilo,,,29/09/2026 15:54
e0c4d505-c6f7-4bcd-b73a-ce75f314cada,owls.immobilien,available,8.24,31.15,medium,low,4,dynadot,,,29/09/2026 11:16
a5c2708f-97b3-418b-aa17-77c05d719da7,ibsen.immobilien,available,30.22,30.22,high,low,5,spaceship,,,29/09/2026 13:02
7fff68e4-b5cb-4676-83f1-a1fc28d65b63,shopworn.immobilien,available,14.99,48.99,low,low,8,name.com,,,08/08/2026 11:06
ec1a1251-acee-418e-b31c-5b1581e27277,travis.immobilien,available,39.98,43.98,high,low,6,namecheap,,,25/09/2026 13:01
45c4ba63-3fba-450c-b168-6fe2b88e2fc6,nagoya.immobilien,available,39.98,43.98,medium,low,6,namecheap,,,28/09/2026 10:28
43c49778-9863-4638-a17c-97e9c44a47bf,awkward.immobilien,available,37.99,37.99,high,low,7,namesilo,,,22/09/2026 15:31
a91ddd62-2fae-4886-99c6-8c4fd40ae2de,frighten.immobilien,available,37.99,37.99,medium,low,8,namesilo,,,17/09/2026 14:50
bfe4c2dc-9808-4348-bab8-07010316956b,integrally.immobilien,available,37.99,37.99,medium,low,10,namesilo,,,15/09/2026 08:51
13bdeb62-f8dd-44e1-9d71-5f94a258274a,frames.immobilien,available,30.22,30.22,medium,low,6,spaceship,,,29/09/2026 11:27
27b6eb3d-776c-4ed3-a255-fceda60c9152,wisconsin.immobilien,available,37.99,37.99,high,low,9,namesilo,,,21/09/2026 17:10
65900271-578e-4b24-8e43-f7bd9bf00967,prosperity.immobilien,available,37.99,37.99,high,low,10,namesilo,,,29/09/2026 01:54
e7763cf6-131f-4927-8c43-b2516b22f88a,hancock.immobilien,available,37.99,37.99,high,low,7,namesilo,,,25/09/2026 06:51
723de281-03d0-4849-adc0-d57491dce5a8,aerogramme.immobilien,available,37.99,37.99,medium,low,10,namesilo,,,17/09/2026 13:05
421d3aec-125a-4462-8a39-6a56ee59687d,derogative.immobilien,available,14.99,48.99,medium,low,10,name.com,,,14/08/2026 03:10
82465c55-1aba-4606-b723-08f03173c5af,yule.immobilien,available,37.99,37.99,high,low,4,namesilo,,,24/09/2026 14:52
ee8986b0-31ab-4804-9632-a6d381cd13a5,barcarolle.immobilien,available,37.99,37.99,medium,low,10,namesilo,,,22/09/2026 05:06
e8cf4473-f07c-44ac-9f20-103e26b504d0,berbers.immobilien,available,37.99,37.99,medium,low,7,namesilo,,,19/09/2026 23:24
3bed3a85-4bd7-4086-81b4-d9f69bcfad55,foam.immobilien,available,29.2,29.2,high,low,4,cloudflare,,,28/09/2026 05:46
632dd004-1e67-47c0-b836-877ac0b704ce,darkness.immobilien,available,14.99,48.99,high,low,8,name.com,,,13/08/2026 17:53
cc24f1e9-8ec8-4b50-8f95-6f6bcb4758bb,painkiller.immobilien,available,14.99,48.99,high,low,10,name.com,,,
ff24d77b-ff0a-4c11-9044-fb92f84de79c,overhang.immobilien,available,14.99,48.99,medium,low,8,name.com,,,09/08/2026 08:28
1b3d1f8c-314f-4ffb-bec8-bbebb0f1b26e,vagus.immobilien,available,37.99,37.99,medium,low,5,namesilo,,,08/09/2026 22:09
56be32fc-5717-4d87-831c-28ccde6e45f0,noncitizen.immobilien,available,14.99,48.99,high,low,10,name.com,,,
cf3597b8-286b-48ea-b571-c3f788c3949a,visualised.immobilien,available,14.99,48.99,high,low,10,name.com,,,17/08/2026 10:03
ead3c5d4-1460-4400-8cc5-53b8457132ff,blasphemer.immobilien,available,37.99,37.99,medium,low,10,namesilo,,,24/09/2026 04:14
dcf8aea6-3a9b-4a13-be6d-400e192d7eac,eyes.immobilien,available,30.22,30.22,high,low,4,spaceship,,,29/09/2026 18:46
72ca9835-b2ad-47ea-b735-a3f376e4b380,landscape.immobilien,available,30.22,30.22,high,low,9,spaceship,,,28/09/2026 12:24
6c55b2b1-5dc5-4b37-826c-a36e634f3b60,inbred.immobilien,available,14.99,48.99,medium,low,6,name.com,,,22/08/2026 00:42
880b577d-695f-4a30-a5cf-37256a0ff00e,vermont.immobilien,available,37.99,37.99,high,low,7,namesilo,,,28/09/2026 09:57
847c1bee-3af9-4aab-a5de-cd6631a2840f,softish.immobilien,available,37.99,37.99,medium,low,7,namesilo,,,10/09/2026 03:22
d91e5c07-0ca2-4a1e-b4f2-96713d9e9a97,horn.immobilien,available,37.99,37.99,high,low,4,namesilo,,,21/09/2026 07:21
765909f8-5f87-4987-a733-5d8994993bdf,aggregated.immobilien,available,14.99,48.99,high,low,10,name.com,,,
833089b2-5316-46f4-ac31-d99a2ea070d0,laxative.immobilien,available,14.99,48.99,high,low,8,name.com,,,22/08/2026 21:25
724982cc-1519-40ab-9598-9d72750fe4f8,launch.immobilien,premium,828.2,828.2,high,medium,6,spaceship,,,28/09/2026 02:59
184e6103-630f-437e-931b-b745a1846aad,bharat.immobilien,available,37.99,37.99,high,medium,6,namesilo,,,23/09/2026 12:37
e524ac14-31e3-494c-870a-b4e02a84884b,proxy.immobilien,available,39.98,43.98,high,medium,5,namecheap,,,30/09/2026 02:30
83f8a0a0-99aa-48a8-81cb-384f27127b52,adjustor.immobilien,available,37.99,37.99,medium,low,8,namesilo,,,17/09/2026 08:34
6110f6c9-5b78-45c4-8657-e0035403f5c2,bizet.immobilien,available,37.99,37.99,medium,low,5,namesilo,,,23/09/2026 23:23
a4fbb8f4-03db-48d5-8342-c29e33ef3c4f,heal.immobilien,available,37.99,37.99,high,low,4,namesilo,,,29/09/2026 13:02
f109fa48-3bfe-4909-8c7d-be25ce62cc55,moonlit.immobilien,available,14.99,48.99,high,low,7,name.com,,,25/08/2026 05:56
f6e4a264-adc8-4f00-97d1-641b3adced6d,rugged.immobilien,available,14.99,48.99,high,low,6,name.com,,,18/08/2026 18:56
4d6fdc7f-08a6-4996-a1de-4a657296c560,mechanic.immobilien,available,37.99,37.99,high,low,8,namesilo,,,25/09/2026 18:40
95ae15e3-2c8d-41fa-a3b3-9ef5103bd589,youre.immobilien,available,14.99,,medium,low,5,name.com,,,
6018281e-62f1-4610-8f57-50e82895a466,yon.immobilien,available,37.99,37.99,high,low,3,namesilo,,,13/09/2026 14:47
bfc8fef1-ec85-4157-81ae-3cacbfc08f97,sagging.immobilien,available,14.99,48.99,medium,low,7,name.com,,,14/08/2026 19:45
8905907d-9506-40c3-aced-628dd49cfa98,rending.immobilien,available,37.99,37.99,high,low,7,namesilo,,,09/09/2026 13:57
264da8e1-ace8-425c-8caf-4f1efbfb65ba,carrel.immobilien,available,37.99,37.99,medium,low,6,namesilo,,,18/09/2026 06:05
f9b69538-4205-47d4-b88c-dbde601c7c18,lose.immobilien,available,14.99,,medium,low,4,name.com,,,
6db4c2ea-d653-4ad3-a028-9ecf47c94b80,definitely.immobilien,available,29.2,29.2,high,low,10,cloudflare,,,28/09/2026 13:38
5c90275d-f9d2-4c9e-a92f-606b3b2e59da,iaa.immobilien,available,37.99,37.99,medium,low,3,namesilo,,,17/09/2026 07:22
7a127750-2227-45ca-8679-f8b85110b339,lui.immobilien,available,37.99,37.99,high,low,3,namesilo,,,29/09/2026 15:19
63bd6a98-e693-47e9-b36d-784121bfe1b2,shu.immobilien,available,30.22,30.22,high,low,3,spaceship,,,27/09/2026 21:11
0c64e494-ac44-41bd-aa9c-3ecc2a6f8b92,adornment.immobilien,available,37.99,37.99,high,low,9,namesilo,,,17/09/2026 09:46
4c6bef22-f58a-4009-a78a-f141c24c6930,concerted.immobilien,available,14.99,48.99,high,low,9,name.com,,,12/08/2026 20:06
a13f33f6-da4b-4a88-b0d9-177e686a5887,sank.immobilien,available,37.99,37.99,medium,low,4,namesilo,,,29/09/2026 16:38
9290bdf2-4269-4df3-baf7-43ff8d3ee692,insistent.immobilien,available,14.99,48.99,medium,low,9,name.com,,,13/08/2026 09:33
f140fc62-7747-491c-9cc3-703afa84151a,wow.immobilien,available,29.2,29.2,high,medium,3,cloudflare,,,29/09/2026 23:07
20ff819b-79a4-43b5-90d5-e48f0fb03b3a,inspirational.immobilien,available,14.99,,high,low,13,name.com,,,
3d654e0e-91be-4677-8eee-9545a5f10d73,miry.immobilien,available,14.99,48.99,medium,low,4,name.com,,,10/08/2026 17:05
b1094806-1546-44be-aec1-1eb112736162,marduk.immobilien,available,37.99,37.99,high,low,6,namesilo,,,21/09/2026 12:06
1d2d697e-0cee-4b01-91fd-7322eca43289,dissimilar.immobilien,available,14.99,48.99,medium,low,10,name.com,,,14/08/2026 12:48
dee71559-c71e-4bbc-a31f-8000b2d5c1f1,central.immobilien,available,39.98,43.98,high,low,7,namecheap,,,23/09/2026 12:46
f63af1a2-284f-4758-b7be-0cdf848d2f77,bimetal.immobilien,available,14.99,48.99,high,low,7,name.com,,,09/08/2026 22:52
52f73fc7-4128-43fc-9029-d83b0758718c,barwood.immobilien,available,14.99,48.99,medium,low,8,name.com,,,
76444c69-40f7-4bbf-9e5a-626fe53c79d0,momentary.immobilien,available,14.99,48.99,medium,low,9,name.com,,,18/08/2026 07:54
2a745a20-3216-41e0-891a-a4ed3f5cef66,kabul.immobilien,available,37.99,37.99,high,low,5,namesilo,,,27/09/2026 12:08
d5b3bde9-aa90-4296-abc9-53e563285ead,mojo.immobilien,available,14.99,,high,medium,4,name.com,,,
feba9b4a-f61a-4211-b494-a689632a90dc,linked.immobilien,available,37.99,37.99,high,low,6,namesilo,,,25/09/2026 13:54
11b67199-53ba-45c5-b91c-f5b453b4f650,analphabet.immobilien,available,14.99,48.99,medium,low,10,name.com,,,
7fbc1790-c95f-46bb-aaa3-34fa5d18eca0,aim.immobilien,available,37.99,37.99,high,medium,3,namesilo,,,25/09/2026 10:01
75c8f45a-549c-4be6-a24d-041950c0e99d,selection.immobilien,available,37.99,37.99,high,low,9,namesilo,,,28/09/2026 07:48
0c6f256a-e7f0-4547-8bdf-141060b81c75,unimportant.immobilien,available,14.99,,medium,low,11,name.com,,,
d282a4a2-13f2-4ff9-94e2-771a847da5cb,sixteenth.immobilien,available,14.99,48.99,high,low,9,name.com,,,
3027ea78-5e1e-4ad6-813b-4209aa619756,eusebius.immobilien,available,37.99,37.99,high,low,8,namesilo,,,29/09/2026 06:49
f7dd06d8-e60d-4de9-8125-102ce02a7499,nor.immobilien,available,14.99,,high,low,3,name.com,,,
1f347c23-af54-43b0-930b-a59ad7ee1a71,wilful.immobilien,available,14.99,48.99,medium,low,6,name.com,,,18/08/2026 16:39
4fe3cdc0-1a20-4be0-8872-e62df9e652c5,dice.immobilien,available,30.22,30.22,high,low,4,spaceship,,,29/09/2026 14:49
f80b6c9e-1615-4fab-b56e-df5b1c44f85e,recall.immobilien,available,37.99,37.99,high,low,6,namesilo,,,24/09/2026 11:46
2b8ce01f-70da-4b85-a10d-76df125c5593,shoulders.immobilien,available,14.99,,high,low,9,name.com,,,
98013036-c18f-4c88-ad49-65be376680ab,manually.immobilien,available,37.99,37.99,medium,low,8,namesilo,,,15/09/2026 13:27
cf3cef3f-3acf-408b-838d-e4f4fcb688bc,spaceship.immobilien,available,30.22,30.22,high,medium,9,spaceship,,,29/09/2026 08:05
4d612052-d047-40bd-ad5a-3eb11b3b5b67,edwin.immobilien,available,39.98,43.98,high,low,5,namecheap,,,25/09/2026 05:17
f4be8feb-1544-4578-bce4-70bfebcd982e,dexterous.immobilien,available,14.99,48.99,high,low,9,name.com,,,13/08/2026 23:51
56a2e241-9e4a-4266-a711-ca3448ebdcd0,palo.immobilien,available,37.99,37.99,medium,low,4,namesilo,,,27/09/2026 01:51
a7ba3e03-6ae9-4ca6-b6e0-74fa5343a7c1,literally.immobilien,available,8.24,31.15,medium,low,9,dynadot,,,28/09/2026 16:10
734d625d-631e-47bd-babc-aa9c5a677b75,astonishing.immobilien,available,8.24,30.38,high,low,11,porkbun,,,29/09/2026 21:10
d115a453-7aee-4baa-a49b-8e81b5b693c4,bonny.immobilien,available,14.99,48.99,high,low,5,name.com,,,10/08/2026 18:45
37501617-18d2-4321-8f07-03e53497ab28,latakia.immobilien,available,37.99,37.99,medium,low,7,namesilo,,,18/09/2026 01:28
e829ed51-9dea-4b2a-81bb-40f66ab354e1,apostate.immobilien,available,14.99,48.99,medium,low,8,name.com,,,06/08/2026 03:35
32652577-c289-4592-81e3-6203d1aa2159,hampshire.immobilien,available,37.99,37.99,high,low,9,namesilo,,,29/09/2026 01:13
928550b1-cff3-419a-9b67-9fb3b2f5e76f,colorless.immobilien,available,14.99,48.99,medium,low,9,name.com,,,12/08/2026 17:53
4d2bd88f-7fd7-4947-b667-4fe660e10069,sonoma.immobilien,available,30.22,30.22,high,low,6,spaceship,,,27/09/2026 20:23
d3522e18-e507-4722-a8ee-5e375ee76799,float.immobilien,available,30.22,30.22,high,low,5,spaceship,,,28/09/2026 19:32
54597523-7467-4bc8-9faa-3fdbbd664b6e,slovene.immobilien,available,8.24,31.15,medium,low,7,dynadot,,,28/09/2026 20:30
15c39f8d-a819-4232-843c-4ed71e90ee0f,tricked.immobilien,available,37.99,37.99,medium,low,7,namesilo,,,29/09/2026 23:35
c0d475cc-3ea3-4f18-856c-997f192485c3,gore.immobilien,available,39.98,43.98,medium,low,4,namecheap,,,28/09/2026 19:53
cad132a5-10b4-47b3-bda6-0157ba245534,abramis.immobilien,available,37.99,37.99,medium,low,7,namesilo,,,16/09/2026 16:53
afdae15a-fa3f-41ab-a8f9-36240bf35e51,dame.immobilien,available,39.98,43.98,high,low,4,namecheap,,,24/09/2026 20:56
a9db597c-10bb-4c4c-bf49-e4d415eba702,dazed.immobilien,available,14.99,48.99,medium,low,5,name.com,,,13/08/2026 18:53
3b4037b2-fbc2-41a5-b235-6a18244e9a2b,aries.immobilien,available,37.99,37.99,high,low,5,namesilo,,,20/09/2026 05:23
d0fee6b0-6450-4a71-9216-a1a3a40da1f7,inside.immobilien,available,39.98,43.98,high,low,6,namecheap,,,25/09/2026 09:46
bffd1aba-2e16-4508-b197-121a6d8efbf5,condemned.immobilien,available,39.98,43.98,medium,low,9,namecheap,,,28/09/2026 17:15
ce3b9262-0662-4fd2-a797-6aba1e850447,harm.immobilien,available,14.99,48.99,high,low,4,name.com,,,08/09/2026 07:44
76bb9366-2799-4fe6-8235-7f90754fcf0a,cameras.immobilien,available,39.98,43.98,high,low,7,namecheap,,,25/09/2026 20:54
6ac5f920-338d-4bbc-ab14-58208cbb153c,functioning.immobilien,available,30.22,30.22,high,low,11,spaceship,,,28/09/2026 21:19
da991b17-a957-417f-85b8-f24a7f0cea7d,recreational.immobilien,available,30.22,30.22,high,low,12,spaceship,,,29/09/2026 10:15
b93f85cf-3e32-4a71-87a7-8a5a22e4df2e,moments.immobilien,available,39.98,43.98,medium,low,7,namecheap,,,25/09/2026 20:25
11c790b8-9507-4fcb-9f95-e1b473b95da5,bracelet.immobilien,available,39.98,43.98,high,low,8,namecheap,,,22/09/2026 01:56
5913ed5f-76e7-4b98-b08c-16ab567b5cc8,vector.immobilien,available,14.99,,high,low,6,name.com,,,
e390bc96-b933-409f-8c29-4f792844ecb1,able.immobilien,available,37.99,37.99,high,low,4,namesilo,,,21/09/2026 13:57
92f474f0-67f6-4dff-81d9-94616fba6740,they.immobilien,available,14.99,,high,low,4,name.com,,,
277a41dc-ea50-450a-ab1c-eba87d9a47b0,filmy.immobilien,available,14.99,48.99,high,low,5,name.com,,,12/08/2026 14:28
d99a5972-a1d3-4a94-9bce-1447192af42b,lowbrow.immobilien,available,14.99,48.99,medium,low,7,name.com,,,
c0075413-3385-4868-81a5-6a5f7858f90b,grandparents.immobilien,available,37.99,37.99,high,low,12,namesilo,,,18/09/2026 06:12
e7f8733b-0e27-4b00-9fa5-579c248021a8,isp.immobilien,available,8.24,30.38,high,low,3,porkbun,,,29/09/2026 20:49
e66ddc23-e914-4ff8-bf6c-0c5860ff2d75,swanky.immobilien,available,37.99,37.99,high,low,6,namesilo,,,11/09/2026 05:15
8557a638-e980-409f-adb7-c8ad72de9f94,distinguish.immobilien,available,29.2,29.2,high,low,11,cloudflare,,,28/09/2026 21:05
338ff738-f245-46a0-8a15-b1fc4d6f1a47,connect.immobilien,available,30.22,30.22,high,medium,7,spaceship,,,28/09/2026 07:46
af6ad1b7-4b4b-4adb-a4ec-c92fa58950c3,heather.immobilien,available,30.22,30.22,high,low,7,spaceship,,,28/09/2026 05:22
cf90c7d5-25af-4cff-b4d2-891659f59cf5,roguish.immobilien,available,14.99,48.99,medium,low,7,name.com,,,10/08/2026 11:58
ca37aa06-2d01-4d14-8a24-09a34811d7f2,diagram.immobilien,available,39.98,43.98,high,low,7,namecheap,,,24/09/2026 22:08
386c7ce4-7f57-4670-b895-e775c970ebcb,existed.immobilien,available,30.22,30.22,medium,low,7,spaceship,,,27/09/2026 21:59
8fd1d133-a83e-44ff-9e47-f7fda2a2c991,excision.immobilien,available,37.99,37.99,medium,low,8,namesilo,,,16/09/2026 16:06
01865159-f840-4ab8-9168-c894010de17a,delicate.immobilien,available,37.99,37.99,high,low,8,namesilo,,,24/09/2026 05:30
df2127e1-2391-4d12-9533-c0925609aa90,ballyrag.immobilien,available,14.99,48.99,medium,low,8,name.com,,,11/08/2026 08:57
a164380a-0c4d-4ed6-aca8-906668f50dae,geek.immobilien,available,37.99,37.99,high,low,4,namesilo,,,24/09/2026 13:18
959aadb4-abfa-49e5-a441-98543d25b0ec,tab.immobilien,available,37.99,37.99,high,low,3,namesilo,,,28/09/2026 10:59
f086a0f7-4f03-4874-9295-7ad9ee1f3e53,vegan.immobilien,available,14.99,,high,medium,5,name.com,,,
975943a3-dba9-4588-af60-c96de494b8df,assistance.immobilien,available,37.99,37.99,high,low,10,namesilo,,,17/09/2026 20:44
ce508d35-8c20-4401-955d-bb33eeb584b9,arose.immobilien,available,37.99,37.99,medium,low,5,namesilo,,,29/09/2026 22:55
246c726b-e446-40de-9989-d6f48da895ac,sporting.immobilien,available,14.99,48.99,high,low,8,name.com,,,09/08/2026 18:15
15f58fd1-281d-4cfd-8feb-b38ba4c96864,accursed.immobilien,available,14.99,48.99,medium,low,8,name.com,,,
19b12c99-4e97-4d01-8b8c-fc9d4c9a5ea1,winner.immobilien,available,29.2,29.2,high,low,6,cloudflare,,,28/09/2026 17:49
c4f4bf8c-afd6-4653-8d05-cd0ed3aef38b,arbor.immobilien,available,39.98,43.98,high,low,5,namecheap,,,20/09/2026 00:48
5e2f2782-c40c-4dab-be0f-ab165e8ed820,balalaika.immobilien,available,37.99,37.99,medium,low,9,namesilo,,,21/09/2026 20:48
263dc966-3119-45b8-96b0-0b35e9b19117,bombastic.immobilien,available,14.99,48.99,high,low,9,name.com,,,10/08/2026 18:01
9d7bed66-a427-462b-8530-dcf94c93eca3,randoms.immobilien,available,39.98,43.98,low,low,7,namecheap,,,19/09/2026 22:13
97b5e197-f74c-464b-a596-41441c8bc2ad,bilimbi.immobilien,available,37.99,37.99,medium,low,7,namesilo,,,21/09/2026 09:13
38c703e9-c2ff-4874-a7db-5c19371ab2fa,unverified.immobilien,available,37.99,37.99,medium,low,10,namesilo,,,12/09/2026 22:13
6455bb81-e22a-4719-a840-8e39f76dc932,gershwin.immobilien,available,37.99,37.99,high,low,8,namesilo,,,30/09/2026 01:44
67cbfc4c-b9a5-434b-9aa6-efda344fd0ae,rules.immobilien,available,14.99,,high,low,5,name.com,,,
fc530de3-cf33-4f89-b7ee-ca4ba89c3ed8,crisis.immobilien,available,39.98,43.98,high,low,6,namecheap,,,24/09/2026 19:30
2b1ed900-5502-471e-9feb-2048dcb195af,filming.immobilien,available,30.22,30.22,high,low,7,spaceship,,,29/09/2026 09:15
68eda4a1-23ce-4a7c-b63d-6e95c85a5586,irish.immobilien,available,14.99,48.99,high,low,5,name.com,,,22/08/2026 09:54
3809aa15-e346-4ab3-a73a-cee2de6766e8,pinch.immobilien,available,37.99,37.99,high,low,5,namesilo,,,28/09/2026 22:16
6c09efa0-36d0-4908-a4ed-79948eef207e,trio.immobilien,available,37.99,37.99,high,low,4,namesilo,,,21/09/2026 13:05
5bdae9a4-2927-46f9-adc1-fe18bf69e383,unlabelled.immobilien,available,37.99,37.99,medium,low,10,namesilo,,,12/09/2026 14:33
8c289d84-234f-4833-bb0f-8d90932dffd2,atypical.immobilien,available,14.99,48.99,high,low,8,name.com,,,07/08/2026 16:06
e2bb4f06-087f-4b65-92e7-9bee46b71a3e,rimbaud.immobilien,available,39.98,43.98,medium,low,7,namecheap,,,20/09/2026 11:03
9aa8c8cc-43f6-458b-81bc-fdcec73c0457,purses.immobilien,available,37.99,37.99,medium,low,6,namesilo,,,20/09/2026 11:07
9bda78fb-4a7e-4d74-baaa-957b1ca9753c,verdun.immobilien,available,39.98,43.98,medium,low,6,namecheap,,,22/09/2026 16:19
47712718-65b4-48dc-bf1e-8ca28da5f5f5,zagreb.immobilien,available,37.99,37.99,high,low,6,namesilo,,,28/09/2026 06:54
54b5286c-81fd-4dd8-a0bd-5182ca28d337,inertial.immobilien,available,14.99,48.99,medium,low,8,name.com,,,22/08/2026 03:59
3afe84cb-4d83-454f-8a45-17f2dfde6350,swelling.immobilien,available,39.98,43.98,high,low,8,namecheap,,,24/09/2026 11:05
8b61664e-f6f3-45b3-ac85-04c44b9aca1c,unheaded.immobilien,available,14.99,48.99,medium,low,8,name.com,,,12/09/2026 12:06
801a7b24-9691-4469-b7a8-1aa460d087c8,injury.immobilien,available,37.99,37.99,high,low,6,namesilo,,,25/09/2026 06:58
0b9c23b9-0367-4359-b939-d907d716af31,zombi.immobilien,available,37.99,37.99,medium,low,5,namesilo,,,21/09/2026 07:04
be788d6b-ef2e-4763-8802-f6b0189da799,cooke.immobilien,available,37.99,37.99,high,low,5,namesilo,,,18/09/2026 06:21
5898047f-3790-4f0e-95fe-ee4e591ee6bd,dishwasher.immobilien,available,30.22,30.22,high,low,10,spaceship,,,29/09/2026 15:53
999fb4e7-cc3b-4c66-96a1-6701df8aacc9,precaution.immobilien,available,37.99,37.99,high,low,10,namesilo,,,30/09/2026 02:37
1bde4f5e-f9f0-45d2-8e2f-5b37a972ce17,robbed.immobilien,available,37.99,37.99,low,low,6,namesilo,,,27/09/2026 02:44
e6021b2f-2ccf-434c-9b0f-0200b284f926,delusion.immobilien,available,37.99,37.99,high,low,8,namesilo,,,24/09/2026 21:45
fc73eeb8-1461-4a57-b629-5c466e830646,dday.immobilien,available,37.99,37.99,high,low,5,namesilo,,,16/09/2026 12:39
7731ae51-c5f9-4582-9f6a-84044f4af4bf,achilles.immobilien,available,39.98,43.98,high,low,8,namecheap,,,17/09/2026 00:40
a4efec11-fde4-4588-9a25-241ad7a57450,kepler.immobilien,available,37.99,37.99,high,low,6,namesilo,,,29/09/2026 01:24
9d931c46-bbd2-42e0-a665-1ad36f645167,levels.immobilien,available,37.99,37.99,high,medium,6,namesilo,,,27/09/2026 11:07
09c09a4f-06c4-426f-9e39-98c25407af6e,sterling.immobilien,available,39.98,43.98,high,low,8,namecheap,,,10/09/2026 20:14
4d50bfad-557e-48d2-9494-3fda5d68913f,dionysia.immobilien,available,39.98,43.98,high,low,8,namecheap,,,21/09/2026 13:58
183caa14-67d4-4f70-815b-84b205f1ffc9,webby.immobilien,available,37.99,37.99,high,low,5,namesilo,,,03/09/2026 16:08
358f0263-e927-4211-9eb3-302aa03b0871,vary.immobilien,available,37.99,37.99,high,low,4,namesilo,,,25/09/2026 21:59
b860cdd5-ec26-4e44-a220-c969350eee40,bragg.immobilien,available,37.99,37.99,high,low,5,namesilo,,,25/09/2026 21:58
c51194b9-ee77-44ce-9e0e-ba2587cd3b42,chichester.immobilien,available,30.22,30.22,medium,low,10,spaceship,,,28/09/2026 03:33
b6b027d2-12b0-4a3e-be94-d4d03ecabc9e,fiducial.immobilien,available,14.99,48.99,medium,low,8,name.com,,,18/08/2026 03:40
9c22b8ac-595c-4d5f-964d-fe61793b68ba,robust.immobilien,available,14.99,48.99,high,low,6,name.com,,,18/08/2026 18:02
270697b1-be88-4d48-9b91-50388efa02d2,hypocrite.immobilien,available,39.98,43.98,high,low,9,namecheap,,,08/09/2026 19:08
64475083-1d13-43e0-8082-c5e83cbe519f,barque.immobilien,available,37.99,37.99,high,low,6,namesilo,,,22/09/2026 07:48
485614df-58d5-44ea-98d3-cf49ac16d34b,childly.immobilien,available,14.99,48.99,medium,low,7,name.com,,,12/08/2026 05:14
ad235d95-dc4c-4aa1-b7b5-26f7847830e3,chimerical.immobilien,available,14.99,48.99,medium,low,10,name.com,,,12/08/2026 05:38
1d0a9da0-c46b-4cfa-a6b1-e769513b6a8b,alertly.immobilien,available,37.99,37.99,medium,low,7,namesilo,,,13/09/2026 18:40
cdb8c29f-db19-4b34-bbc7-1af780af5a1f,stacked.immobilien,available,14.99,48.99,high,low,7,name.com,,,10/08/2026 20:37
efa5c7cd-ed3b-4e04-ac0d-68f5448b1cf4,danvers.immobilien,available,30.22,30.22,medium,low,7,spaceship,,,29/09/2026 22:33
63644811-51dd-45b6-9c29-8eea0094d190,nonvisual.immobilien,available,39.98,43.98,medium,low,9,namecheap,,,03/09/2026 21:06
c1256553-4d43-4f8b-a50e-756ffbe69146,csf.immobilien,available,39.98,43.98,high,low,3,namecheap,,,29/09/2026 06:05
908d836d-e482-4c82-9bea-127aec255ea6,evidenced.immobilien,available,14.99,48.99,high,low,9,name.com,,,17/08/2026 15:00
6f39cc49-b1df-4a59-8b9e-a36a7b99a416,yobbo.immobilien,available,14.99,48.99,medium,low,5,name.com,,,11/08/2026 08:50
159961a2-cbab-4717-a33c-1ee7e56933e7,hueless.immobilien,available,14.99,48.99,medium,low,7,name.com,,,21/08/2026 14:36
d584b424-ff64-4539-81fe-498086cc30e6,tiled.immobilien,available,37.99,37.99,high,low,5,namesilo,,,11/09/2026 15:55
28073d62-2e93-4abb-bd34-937f398e4580,thackeray.immobilien,available,37.99,37.99,medium,low,9,namesilo,,,29/09/2026 14:03
240daa74-010b-406b-8c42-a243883e7db9,sticks.immobilien,available,37.99,37.99,high,low,6,namesilo,,,17/09/2026 01:53
af17cde5-b3f8-49b2-a7bc-2c083b2b959d,esthete.immobilien,available,37.99,37.99,medium,low,7,namesilo,,,17/09/2026 13:35
f7bd8b80-d314-4c93-a8a4-1155c193885f,agnate.immobilien,available,14.99,48.99,medium,low,6,name.com,,,
adbaa358-181c-49f4-b235-9f9c9097523a,mckay.immobilien,available,37.99,37.99,high,low,5,namesilo,,,25/09/2026 16:25
f4985313-8b6e-431a-86f0-0566ed107c63,huxley.immobilien,available,37.99,37.99,high,low,6,namesilo,,,18/09/2026 04:39
f0924771-1116-41bc-ab4e-2536efb946c1,albion.immobilien,available,37.99,37.99,high,low,6,namesilo,,,18/09/2026 02:58
ea11f554-8e58-412d-bcbe-cf7a1c2c51ce,authorial.immobilien,available,14.99,48.99,medium,low,9,name.com,,,07/08/2026 16:19
a70cbd83-095e-4f7f-93c4-b93656639266,hottish.immobilien,available,14.99,48.99,medium,low,7,name.com,,,21/08/2026 14:20
136d88aa-99ad-4847-92d1-ea71724fce82,linguist.immobilien,available,37.99,37.99,high,low,8,namesilo,,,08/09/2026 23:18
40c3c7c2-0f95-494c-b76d-78fc5273e7c5,sombre.immobilien,available,37.99,37.99,medium,low,6,namesilo,,,10/09/2026 14:02
9ca6fc55-1c50-46b8-8762-d1ed2c45b5cb,frenetic.immobilien,available,14.99,48.99,medium,low,8,name.com,,,18/08/2026 14:17
4659d54f-811a-4f97-a373-be9e45029103,balustrade.immobilien,available,37.99,37.99,high,low,10,namesilo,,,22/09/2026 00:29
3c8c0bcd-7533-4ecd-84dd-8725042dc06d,inchoate.immobilien,available,14.99,48.99,medium,low,8,name.com,,,22/08/2026 01:16
845c8d9e-313f-4f97-a133-bc6ab9cd0b24,unmanned.immobilien,available,37.99,37.99,high,low,8,namesilo,,,09/09/2026 13:50
13ca9bb4-8e1e-434f-909c-40d6faeb19e1,plop.immobilien,available,37.99,37.99,medium,low,4,namesilo,,,15/09/2026 20:39
5d01113e-15d9-4f1c-848f-74b8ba74ae41,destination.immobilien,available,14.99,,high,low,11,name.com,,,
ea37f6c5-49c8-40a6-8ed3-cd2485181b94,swanson.immobilien,available,57.99,57.99,high,low,7,godaddy,,,28/09/2026 02:01
8c7ac3de-d6a2-4fce-abe9-5bba03ae1edc,genital.immobilien,available,14.99,48.99,medium,low,7,name.com,,,18/08/2026 21:40
35807832-3179-4766-91fc-f2e9c421c326,succulent.immobilien,available,37.99,37.99,high,low,9,namesilo,,,11/09/2026 00:58
c97ef67e-e819-4617-8d93-88bb6fab33c6,zimbabwean.immobilien,available,37.99,37.99,high,low,10,namesilo,,,13/09/2026 15:19
f6d7553a-1949-48af-a77c-95cde8555fad,comforting.immobilien,available,14.99,48.99,high,low,10,name.com,,,12/08/2026 03:43
47e37625-bff4-4462-b3f7-8c941bed2468,bigotry.immobilien,available,37.99,37.99,medium,low,7,namesilo,,,23/09/2026 15:23
43cc3f5f-ca1c-434c-a448-4f95ab0d3bb7,cockpit.immobilien,available,30.22,30.22,high,low,7,spaceship,,,29/09/2026 10:12
36a40b96-efba-41a1-a4de-187218d1435e,twice.immobilien,available,37.99,37.99,medium,low,5,namesilo,,,28/09/2026 14:37
ae1ad53f-0dcc-4894-83a2-005d12dc6830,exec.immobilien,available,30.22,30.22,high,low,4,spaceship,,,29/09/2026 18:26
41a77853-7923-431b-8e12-aafc8c2a244b,czechoslovak.immobilien,available,37.99,37.99,high,low,12,namesilo,,,26/09/2026 03:18
1d5b20ad-c65e-4f81-8c89-9a9681080b91,melee.immobilien,available,37.99,37.99,high,low,5,namesilo,,,22/09/2026 16:23
a697fe26-b40a-44c3-b701-a336572804d9,backfield.immobilien,available,37.99,37.99,high,low,9,namesilo,,,21/09/2026 15:27
a56da57e-6621-4322-a2c5-9f53437b1594,floor.immobilien,available,37.99,37.99,high,low,5,namesilo,,,08/09/2026 02:52
1512b614-9c58-4c78-b80f-6166c064f941,royally.immobilien,available,37.99,37.99,medium,low,7,namesilo,,,15/09/2026 12:01
824a9fd9-26c1-4b63-a05f-e3df5ba919d1,steadied.immobilien,available,39.98,43.98,medium,low,8,namecheap,,,10/09/2026 19:30
d17d6110-86bc-46fc-b35e-da93b2b89242,viewable.immobilien,available,37.99,37.99,high,low,8,namesilo,,,13/09/2026 05:37
f48defa0-7c8b-4ff4-87c3-6f016835a776,firewood.immobilien,available,30.22,30.22,high,low,8,spaceship,,,30/09/2026 01:38
9cd4f007-6c2d-4571-840d-7497f3b1cadd,downtown.immobilien,available,37.99,37.99,high,low,8,namesilo,,,24/09/2026 12:02
9851f92b-b982-4909-9aea-778741594fde,managers.immobilien,available,37.99,37.99,medium,low,8,namesilo,,,20/09/2026 10:01
9aa391a8-5b6b-4352-8c13-dfafadd9335d,forested.immobilien,available,14.99,48.99,high,low,8,name.com,,,18/08/2026 11:43
acac2bdc-b2f5-483f-9b33-055254590dbf,special.immobilien,available,37.99,37.99,high,low,7,namesilo,,,24/09/2026 15:16
ac695457-78d0-498d-8dc9-49e766ddc5dd,fixation.immobilien,available,39.98,43.98,high,low,8,namecheap,,,20/09/2026 09:06
b7cfb8a5-0939-4605-928b-c7639a4fa939,sympatric.immobilien,available,37.99,37.99,medium,low,9,namesilo,,,11/09/2026 06:05
448b79a1-6887-4547-b913-a8f0961dedc7,posh.immobilien,available,14.99,48.99,high,low,4,name.com,,,12/08/2026 09:53
082d19d4-71eb-472c-81f1-33748dc8170d,bitstock.immobilien,available,39.98,43.98,medium,low,8,namecheap,,,23/09/2026 22:47
d4c684e9-dcf8-438a-ad52-a208ed3c564a,affiliated.immobilien,available,14.99,48.99,high,low,10,name.com,,,
51ff152d-d25f-4211-afba-64117626022b,debater.immobilien,available,37.99,37.99,medium,low,7,namesilo,,,20/09/2026 04:45
ee5992fc-dfc7-44b3-aa7a-8c2d20c2a12f,coed.immobilien,available,14.99,48.99,medium,low,5,name.com,,,12/08/2026 13:16
8020c0e9-c69d-4b87-8091-51db229b634b,motivation.immobilien,available,37.99,37.99,high,low,10,namesilo,,,25/09/2026 21:49
c096fef9-a473-4e51-bddd-db62450c9031,forte.immobilien,available,14.99,48.99,high,low,5,name.com,,,18/08/2026 12:23
7314fa83-7ba6-4f5b-b32d-9d28a7473b1d,bassia.immobilien,available,37.99,37.99,medium,low,6,namesilo,,,22/09/2026 12:17
0a82dff3-d917-457f-bd92-3e44b661076e,attractor.immobilien,available,37.99,37.99,high,low,9,namesilo,,,21/09/2026 02:12
f4b657ef-83eb-4551-85d8-87f549ddee4d,hegel.immobilien,available,37.99,37.99,medium,low,5,namesilo,,,28/09/2026 14:17
048335be-e4a1-4f4f-a6f6-6c017dee74b6,baguette.immobilien,available,30.22,30.22,high,low,8,spaceship,,,29/09/2026 00:33
36c43474-96a9-48fc-8c21-78658ab63871,zygoma.immobilien,available,37.99,37.99,medium,low,6,namesilo,,,20/09/2026 03:03
11d11a72-c0f8-4549-8791-76d24f8850d8,chavez.immobilien,available,29.2,29.2,high,low,6,cloudflare,,,28/09/2026 01:29
c5a0dea6-5707-475b-bb23-aef9b9862d56,produced.immobilien,available,37.99,37.99,medium,low,8,namesilo,,,19/09/2026 16:32
1c4e80fc-5316-45a0-9eca-7a3b09f7d9cb,stochastic.immobilien,available,39.98,43.98,medium,low,10,namecheap,,,10/09/2026 20:50
5a4ed4ca-7381-479d-a91b-928744af8314,narrowly.immobilien,available,14.99,48.99,medium,low,8,name.com,,,15/09/2026 16:08
10d98603-3d48-4967-ad08-20a195302b57,abs.immobilien,available,37.99,37.99,high,low,3,namesilo,,,16/09/2026 17:29
1dec0e9b-7b58-4ff7-a3fa-f454a401a398,indecent.immobilien,available,37.99,37.99,medium,low,8,namesilo,,,25/09/2026 09:06
31e859d1-e5d2-4abe-a8a8-8e75253084f8,iron.immobilien,available,37.99,37.99,high,low,4,namesilo,,,23/09/2026 13:11
c82f6b56-8735-4584-bd41-d8c1fe0a12cf,disorderly.immobilien,available,14.99,48.99,medium,low,10,name.com,,,14/08/2026 11:51
18e83436-3b98-4413-b91b-9aaef028eca9,brunch.immobilien,available,37.99,37.99,high,low,6,namesilo,,,24/09/2026 10:54
6e25e2d2-77e7-4d17-a4fa-19c474d14c25,musicians.immobilien,available,8.24,30.38,medium,low,9,porkbun,,,28/09/2026 17:31
9a846e38-64d9-4d1d-bff6-fc1527aa0eed,pasture.immobilien,available,37.99,37.99,high,low,7,namesilo,,,29/09/2026 00:44
c9f0fd94-7be7-4787-9210-30f61b002651,gip.immobilien,available,37.99,37.99,medium,low,3,namesilo,,,14/09/2026 08:07
26b2a5dc-4805-49c5-a3da-f484b54fc434,badinage.immobilien,available,37.99,37.99,medium,low,8,namesilo,,,21/09/2026 17:13
78d6f385-f874-4d0a-a599-443cc7c9a11e,heedful.immobilien,available,14.99,48.99,medium,low,7,name.com,,,
b4e97db8-88fc-4f97-b89f-c48d62ed86ff,gratified.immobilien,available,14.99,48.99,high,low,9,name.com,,,20/08/2026 18:24
64651ffc-bdde-4d69-b5ac-9be61170a70b,calculating.immobilien,available,30.22,30.22,high,low,11,spaceship,,,29/09/2026 14:44
fbd82ecd-8e51-48f8-8e97-0df26a41a878,practicality.immobilien,available,37.99,37.99,high,low,12,namesilo,,,16/09/2026 09:33
0f3a38b9-6e7b-4658-a6af-8c20d4eb1cd6,contracted.immobilien,available,39.98,43.98,high,low,10,namecheap,,,23/09/2026 22:26
0274f3d1-348b-4e42-94ee-8f9ef11fcdbb,annoyance.immobilien,available,14.99,48.99,high,low,9,name.com,,,
383894ce-47a0-44ad-afd8-75ddd94e2a00,toss.immobilien,available,14.99,48.99,high,low,4,name.com,,,18/08/2026 08:30
660021b3-1382-4b22-a045-d40105bdd598,regulations.immobilien,available,30.22,30.22,medium,low,11,spaceship,,,28/09/2026 04:25
65f5de47-57d9-4783-871f-c6dfbe7f416f,boutique.immobilien,available,30.22,30.22,high,low,8,spaceship,,,29/09/2026 02:31
a87dd248-6033-4bf6-9113-4f5463e7f576,protester.immobilien,available,14.99,48.99,medium,low,9,name.com,,,14/08/2026 12:41
ddb0b62f-168a-424f-942e-0ef026157e75,britton.immobilien,available,30.22,30.22,medium,low,7,spaceship,,,28/09/2026 12:10
5a8a313d-d13c-4171-b2f4-7cb8f11d625a,trifling.immobilien,available,37.99,37.99,high,low,8,namesilo,,,05/09/2026 00:21
3172b13a-c43e-469f-ba19-f216ad9dd698,inhalant.immobilien,available,14.99,48.99,high,low,8,name.com,,,22/08/2026 05:02
cdc4fcb5-f8cc-4e66-9e79-36d713d2e0cd,belay.immobilien,available,37.99,37.99,medium,low,5,namesilo,,,23/09/2026 04:34
d0671638-339a-4ab7-9e28-bd9fef13e11f,diskette.immobilien,available,14.99,48.99,high,low,8,name.com,,,18/08/2026 08:53
a5c42fc2-c7b3-4845-ab2f-0c52d63e8516,debatable.immobilien,available,14.99,48.99,medium,low,9,name.com,,,13/08/2026 20:12
4e5bcbcd-7c0d-42fc-a417-e06103c662b2,explain.immobilien,available,14.99,,high,low,7,name.com,,,
ebec9aa0-3939-44e5-b185-33776a46474d,wrist.immobilien,available,30.22,30.22,high,low,5,spaceship,,,28/09/2026 22:18
c3b861d8-3eeb-47a6-be30-b23a9bdbde1c,ordering.immobilien,available,37.99,37.99,high,low,8,namesilo,,,27/09/2026 15:05
561462e0-875e-475a-9d5a-51e2c1e93481,mantra.immobilien,available,14.99,,high,low,6,name.com,,,
7e197470-2d9e-442f-87e1-32d4d88b5922,marilyn.immobilien,available,37.99,37.99,high,low,7,namesilo,,,27/09/2026 06:57
0a4bfec2-459c-49e4-9e61-c9030f25c67f,stray.immobilien,available,37.99,37.99,high,low,5,namesilo,,,25/09/2026 11:32
dc4301f4-ef9d-40d9-9427-d48eb1d1a9a9,bellhop.immobilien,available,39.98,43.98,high,low,7,namecheap,,,23/09/2026 06:01
709dafbb-63a6-41e9-9086-7094b187df63,supporter.immobilien,available,37.99,37.99,high,low,9,namesilo,,,22/09/2026 10:07
4c1887f3-b28f-48d0-b3d0-a9d85f3731b0,adiposity.immobilien,available,37.99,37.99,medium,low,9,namesilo,,,17/09/2026 08:19
9515b04e-e15a-4b57-a662-f15a9a5be8d0,decimal.immobilien,available,14.99,48.99,high,low,7,name.com,,,13/08/2026 21:27
42fc2301-1c8b-4f31-b6b7-0296820a99eb,significance.immobilien,available,8.24,30.38,high,low,12,porkbun,,,28/09/2026 08:20
3edba0c3-c518-42b7-9dfe-1538cd054a11,relationship.immobilien,available,14.99,,high,low,12,name.com,,,
561cab5e-fad3-48a7-8cab-8f3bf5b0aeef,outwards.immobilien,available,14.99,48.99,medium,low,8,name.com,,,04/09/2026 19:50
5b15605b-52d7-46b1-b05e-dbca57ebd7bd,satellites.immobilien,available,14.99,,high,low,10,name.com,,,
f4410f2a-400f-459b-b592-0d5d42da6a1e,oral.immobilien,available,37.99,37.99,high,low,4,namesilo,,,04/09/2026 17:14
30e7bb43-2085-42b5-bb26-385a732273e6,fragment.immobilien,available,39.98,43.98,high,low,8,namecheap,,,28/09/2026 19:15
590c9aaa-86c7-4a4e-8844-79aa7465295e,double.immobilien,available,37.99,37.99,high,low,6,namesilo,,,24/09/2026 11:46
522358c1-8f3f-4b93-8a49-0e12e338e5b1,treatment.immobilien,available,8.24,31.15,high,low,9,dynadot,,,28/09/2026 08:22
cf85dcf4-0534-47b6-ad7a-2af58a4f5f13,breathtaking.immobilien,available,14.99,,high,low,12,name.com,,,
44cb775d-8999-4c95-8b15-d329a54b502f,spying.immobilien,available,8.24,31.15,high,low,6,dynadot,,,29/09/2026 06:49
74277c45-57ff-418d-9f80-6fcdb1bb428f,arbitrarily.immobilien,available,14.99,,medium,low,11,name.com,,,
051d9f45-fba6-4425-b426-8665ce4d1ab6,walking.immobilien,available,29.2,29.2,high,low,7,cloudflare,,,28/09/2026 10:16
7b684767-7a74-4d81-8516-7671261a8e01,procure.immobilien,available,37.99,37.99,high,low,7,namesilo,,,10/09/2026 01:32
f9b0ace6-ec5d-4c64-9e9c-bbe37b2856f4,difficulty.immobilien,available,29.2,29.2,high,low,10,cloudflare,,,29/09/2026 14:54
0d384cfa-c5ab-4570-becd-c0707c13f1b6,timorese.immobilien,available,37.99,37.99,medium,low,8,namesilo,,,11/09/2026 16:04
5b827d6a-da9f-4380-968a-f5c5ac400d8a,unfixed.immobilien,available,14.99,48.99,medium,low,7,name.com,,,12/09/2026 10:28
1a46f354-8a98-4b71-8a0b-8df497c63852,chemical.immobilien,available,37.99,37.99,high,low,8,namesilo,,,08/09/2026 15:30
e224e381-9498-443f-a7a5-cb892e396556,broaden.immobilien,available,14.99,,high,low,7,name.com,,,
fb391f76-98c5-468a-bd71-fd29195564a4,pea.immobilien,available,37.99,37.99,high,low,3,namesilo,,,28/09/2026 15:03
aa02c72a-0023-4aca-9a4e-2b77bb1ac946,tasselled.immobilien,available,37.99,37.99,medium,low,9,namesilo,,,11/09/2026 08:58
7e422248-e85d-4c7b-a65e-2c958f05a4fb,maniacal.immobilien,available,14.99,48.99,medium,low,8,name.com,,,24/08/2026 14:55
85dac52f-e6d6-4152-8571-467b628f7c9e,flee.immobilien,available,14.99,,high,low,4,name.com,,,
3b2fd0cb-bdfe-4c8a-b879-0c8351e3e7d4,analyze.immobilien,available,14.99,,high,low,7,name.com,,,
9e3d27ad-573e-4192-bcf6-2eab219b0b3f,capabilities.immobilien,available,30.22,30.22,medium,low,12,spaceship,,,29/09/2026 11:06
38c90d27-816b-4e4b-8778-c7e5b443c647,bully.immobilien,available,14.99,48.99,high,low,5,name.com,,,08/08/2026 12:15
41a2b0eb-2435-4452-9e85-6cdec3f031ca,autopsy.immobilien,available,37.99,37.99,high,low,7,namesilo,,,21/09/2026 07:38
14713ea3-107c-45d9-a13b-9899b478a071,tragicomic.immobilien,available,37.99,37.99,medium,low,10,namesilo,,,11/09/2026 18:46
0a8b56db-6646-44d3-918b-8bdfdb034173,lots.immobilien,available,30.22,30.22,high,low,4,spaceship,,,28/09/2026 11:29
27bbf311-0362-4324-876f-3a555a646af3,arpent.immobilien,available,37.99,37.99,high,low,6,namesilo,,,20/09/2026 08:38
36cd260e-64c0-4e8e-8cf2-6ca146ee6db5,accolade.immobilien,available,37.99,37.99,high,low,8,namesilo,,,16/09/2026 22:45
3b2d224d-2bd7-4dc8-96d1-ff7db989777d,attitudes.immobilien,available,37.99,37.99,medium,low,9,namesilo,,,29/09/2026 23:34
b8f7f688-d1fd-40f9-9130-b1ec7adaeaaf,wahoo.immobilien,available,39.98,43.98,medium,low,5,namecheap,,,16/09/2026 20:48
5b031952-b45a-4ce0-8b6d-115abc372e7f,footer.immobilien,available,37.99,37.99,high,low,6,namesilo,,,08/09/2026 12:38
a70daccb-dbdc-4b1b-8afd-4b639585bea8,suitable.immobilien,available,37.99,37.99,high,low,8,namesilo,,,28/09/2026 01:54
759c0fc6-81ae-4b6f-a6e7-cd58a1ccbe73,tibetan.immobilien,available,14.99,48.99,high,low,7,name.com,,,11/09/2026 15:23
998060de-2daa-484e-aa46-73daa0713413,bullshit.immobilien,available,8.24,31.15,high,low,8,dynadot,,,29/09/2026 11:49
aa588b94-f97b-468a-b589-e3876a662ea1,illusions.immobilien,available,30.22,30.22,medium,low,9,spaceship,,,29/09/2026 23:03
87629224-e686-49c2-a06c-ead56342b928,deeper.immobilien,available,37.99,37.99,high,low,6,namesilo,,,17/09/2026 12:06
852da88d-6daa-41ca-b67c-37d0a14f3295,aldrich.immobilien,available,39.98,43.98,high,low,7,namecheap,,,28/09/2026 04:14
c21ada67-7426-4cf9-a1c0-9eb37083416f,liveliness.immobilien,available,37.99,37.99,high,low,10,namesilo,,,30/09/2026 02:30
e8c987d9-b944-42ab-934d-55b68d442731,acrobates.immobilien,available,37.99,37.99,medium,low,9,namesilo,,,17/09/2026 03:18
cfecf8a1-73b9-4532-8d08-e982e0aa2d5a,modeling.immobilien,available,37.99,37.99,high,low,8,namesilo,,,24/09/2026 15:25
3e02eafb-7942-47b8-bc3b-6982154e998b,thongs.immobilien,available,37.99,37.99,medium,low,6,namesilo,,,19/09/2026 22:16
15965c93-4297-4b58-9cc6-3f5aa594299e,byrd.immobilien,available,37.99,37.99,high,low,4,namesilo,,,17/09/2026 08:47
18ff9d86-5bf5-4c2d-a8a6-d40339a25862,inferior.immobilien,available,14.99,48.99,high,low,8,name.com,,,22/08/2026 04:19
fd10c777-a88c-423d-85ea-fc55cad110ea,foursquare.immobilien,available,14.99,48.99,high,low,10,name.com,,,18/08/2026 13:48
ecaa6b80-32bf-4cab-a85c-2f8d8359ce57,frilly.immobilien,available,14.99,48.99,medium,low,6,name.com,,,18/08/2026 15:51
46360d9d-d691-4909-88f2-3690e3287079,includes.immobilien,available,37.99,37.99,medium,low,8,namesilo,,,28/09/2026 08:22
d3bf1747-872b-4cf5-9d57-19b6390538fd,xiao.immobilien,available,30.22,30.22,medium,low,4,spaceship,,,28/09/2026 16:02
1463e0e8-6a80-4751-9d06-029a80d40d71,swollen.immobilien,available,37.99,37.99,high,low,7,namesilo,,,23/09/2026 18:42
7b06de79-9a19-4d96-a089-c33861893d58,tellurian.immobilien,available,37.99,37.99,medium,low,9,namesilo,,,11/09/2026 10:37
f7706347-e09a-4baf-bca9-499a3547c424,cytolytic.immobilien,available,14.99,48.99,medium,low,9,name.com,,,13/08/2026 14:42
0e0b7d52-613f-4a3b-ba7d-a1de5d1b8eab,camps.immobilien,available,39.98,43.98,medium,low,5,namecheap,,,28/09/2026 18:04
035d2075-c5ec-4b3e-8dc2-4f4c0dc4271f,andrey.immobilien,available,37.99,37.99,high,low,6,namesilo,,,29/09/2026 15:52
6ebea4dc-b337-4431-b9d9-afcffc500a01,immunized.immobilien,available,14.99,48.99,medium,low,9,name.com,,,21/08/2026 21:30
5e09df9c-8f0b-464d-9050-f88192e5abfd,osmanli.immobilien,available,37.99,37.99,medium,low,7,namesilo,,,04/09/2026 18:41
b7acdccf-be86-4efd-bf38-46eb9d6a093a,spirit.immobilien,available,30.22,30.22,high,medium,6,spaceship,,,29/09/2026 15:41
f1502602-47ca-4029-8701-e70229eee119,sonsie.immobilien,available,14.99,48.99,medium,low,6,name.com,,,10/08/2026 20:34
2bd70bf5-7199-4c90-87c5-987609c8c6b1,participation.immobilien,available,37.99,37.99,high,low,13,namesilo,,,28/09/2026 22:50
2c34f06d-62f9-4b32-82a0-503e49263cbe,upfront.immobilien,available,37.99,37.99,high,low,7,namesilo,,,12/09/2026 23:09
011c303f-b2e9-4d6d-8256-2bc6728694b9,analyzer.immobilien,available,37.99,37.99,high,low,8,namesilo,,,19/09/2026 01:55
907476bd-94da-441b-baf1-287f78fd89b5,dioecious.immobilien,available,14.99,48.99,medium,low,9,name.com,,,14/08/2026 08:20
07c694c2-2010-4c2a-9672-241430a3c6f5,seen.immobilien,available,14.99,,high,low,4,name.com,,,
1915a3cc-1844-41ac-9e0f-2dc3fea6616f,agdistis.immobilien,available,37.99,37.99,medium,low,8,namesilo,,,17/09/2026 16:43
905448ed-e7a8-4028-a348-227baa4fdb65,hoboken.immobilien,available,8.24,31.15,medium,low,7,dynadot,,,28/09/2026 12:26
29ba7560-0acc-40dc-b711-cddf1b1e317b,calming.immobilien,available,39.98,43.98,high,low,7,namecheap,,,19/09/2026 20:28
dd162ada-a90c-4b17-ae21-70bf6a2c3107,bicyclist.immobilien,available,37.99,37.99,high,low,9,namesilo,,,23/09/2026 13:22
292454d8-4dab-4781-9b7f-4182e763b2a3,site.immobilien,available,37.99,37.99,high,medium,4,namesilo,,,25/09/2026 23:13
71f9ca41-1d9e-4e69-97f9-6ddbe2eb83e7,maxi.immobilien,available,14.99,48.99,high,low,4,name.com,,,24/08/2026 17:46
08a4c4b4-f9bd-42cd-8c6c-f41b74eee677,faceted.immobilien,available,14.99,48.99,high,low,7,name.com,,,17/08/2026 20:24
d167a206-482a-47ba-ae9e-b705b031b451,stretchout.immobilien,available,39.98,43.98,medium,low,11,namecheap,,,17/09/2026 05:03
52cf51c7-220c-443f-a26c-19b6639ddb27,ahorse.immobilien,available,14.99,48.99,medium,low,6,name.com,,,
42abcb9a-30c1-4446-886c-474b0f6364c8,illuminate.immobilien,available,14.99,48.99,high,low,10,name.com,,,23/08/2026 02:47
8759f177-9e4e-4594-9910-ced27947e432,pavlova.immobilien,available,37.99,37.99,medium,low,7,namesilo,,,19/09/2026 10:01
b0ad85be-55c9-4f08-8419-542b372c2ee0,edmund.immobilien,available,39.98,43.98,high,low,6,namecheap,,,25/09/2026 19:09
fb50f6f7-fa0f-4440-8824-90b608a5a19f,threescore.immobilien,available,14.99,48.99,medium,low,10,name.com,,,
e8cd4fa9-6ee9-4d21-a230-7613f061579b,wildlife.immobilien,available,30.22,30.22,high,low,8,spaceship,,,29/09/2026 08:20
eae573e0-bb83-4bf9-b15b-4fa8332ed894,rebel.immobilien,available,14.99,48.99,high,medium,5,name.com,,,22/08/2026 07:47
c0036f52-4011-4c11-bbc3-d243de85865d,wishes.immobilien,available,14.99,48.99,medium,low,6,name.com,,,25/09/2026 20:13
ca38ceb9-08f6-4fac-84ea-9ab6a53d6baf,angostura.immobilien,available,37.99,37.99,medium,low,9,namesilo,,,19/09/2026 07:08
717bd0d1-8356-4c82-8604-d37308a83ed0,madwort.immobilien,available,37.99,37.99,medium,low,7,namesilo,,,18/09/2026 15:25
d7266182-06ec-48b1-a8d1-df3b14c5e2e9,wrecked.immobilien,available,29.2,29.2,medium,low,7,cloudflare,,,28/09/2026 11:09
6bdfbcda-7dfb-4e9a-b099-1824d5e2400c,opening.immobilien,available,37.99,37.99,high,low,7,namesilo,,,04/09/2026 16:15
4a3b770e-4244-4b87-add7-e0d846c9c41b,mavin.immobilien,available,14.99,48.99,high,low,5,name.com,,,
5b0d0695-2cfb-473d-82e5-e24f5a6339fb,appellate.immobilien,available,14.99,48.99,medium,low,9,name.com,,,06/08/2026 06:18
25c0edc1-fc0c-4043-90b9-e9353fd3cdc1,blende.immobilien,available,39.98,43.98,medium,low,6,namecheap,,,24/09/2026 05:43
592ff867-ce19-4133-b567-093f2c61fa29,juridic.immobilien,available,14.99,48.99,medium,low,7,name.com,,,22/08/2026 14:42
07d9ee31-d205-4e76-99af-c35b5f9a6590,unfortunate.immobilien,available,37.99,37.99,medium,low,11,namesilo,,,26/09/2026 03:07
7aaa0c9d-0ad3-4f6e-903d-50bcd1547363,numbat.immobilien,available,37.99,37.99,medium,low,6,namesilo,,,22/09/2026 01:07
ee782c00-c702-4449-b84b-755a751c8f16,regard.immobilien,available,37.99,37.99,high,low,6,namesilo,,,08/09/2026 11:00
d04d07b6-40b6-485c-9f4d-e2f0dc4019e4,tegular.immobilien,available,37.99,37.99,medium,low,7,namesilo,,,11/09/2026 10:16
d19b5457-7f75-45ef-8dae-3b18069b291e,lento.immobilien,available,14.99,48.99,medium,low,5,name.com,,,22/08/2026 23:53
6c19cd4a-be85-485c-942d-299e599d0f0c,albino.immobilien,available,37.99,37.99,high,low,6,namesilo,,,18/09/2026 02:58
cb33314f-5fd4-43f1-a063-44cabcc2779e,herakles.immobilien,available,37.99,37.99,high,low,8,namesilo,,,18/09/2026 04:05
8df422da-c422-441e-8c54-35ef219a8391,captured.immobilien,available,37.99,37.99,medium,low,8,namesilo,,,27/09/2026 02:07
78ece1cf-cb4a-4a71-89d1-d1d645a7d6dd,maidenly.immobilien,available,14.99,48.99,medium,low,8,name.com,,,24/08/2026 13:14
d1f5515f-b445-4aa9-9e24-0e5e8d58ef93,somewhere.immobilien,available,37.99,37.99,high,low,9,namesilo,,,16/09/2026 04:14
07b0828b-05e6-4429-a6bf-9737607b44e3,scope.immobilien,available,39.98,43.98,high,low,5,namecheap,,,18/09/2026 16:44
921d5062-de8e-49a3-b692-d6506ba4c20c,wry.immobilien,available,14.99,48.99,high,low,3,name.com,,,22/08/2026 10:08
1e81f9f2-360e-4ba5-bcae-9ce13aead59d,jungian.immobilien,available,14.99,48.99,high,low,7,name.com,,,22/08/2026 14:24
b2a7dbff-8165-4250-aea3-1e76048c67f6,evoked.immobilien,available,14.99,48.99,medium,low,6,name.com,,,16/08/2026 04:33
5a5c6845-2bc3-46eb-b940-3f73d9e30f0f,unknowable.immobilien,available,37.99,37.99,medium,low,10,namesilo,,,12/09/2026 14:17
dbda2930-6c0b-4a12-8d48-f22049a7a59b,beast.immobilien,available,37.99,37.99,high,low,5,namesilo,,,22/09/2026 04:42
5fda3ebb-9619-49e8-9673-9f40980d0022,harriet.immobilien,available,37.99,37.99,high,low,7,namesilo,,,27/09/2026 22:29
f4f252de-0952-433a-966d-0d6257e97bee,religious.immobilien,available,37.99,37.99,high,low,9,namesilo,,,09/09/2026 13:37
b4613694-e904-4fff-81aa-f88630fc3d10,uncritical.immobilien,available,37.99,37.99,medium,low,10,namesilo,,,12/09/2026 06:26
ceee9953-320f-4e71-8ba5-3e5a17f0767f,otago.immobilien,available,37.99,37.99,high,low,5,namesilo,,,29/09/2026 22:17
d59db355-76b1-4d2c-a794-fd3206c44b08,pitt.immobilien,available,37.99,37.99,high,low,4,namesilo,,,25/09/2026 06:04
8d2e415f-08fc-4e83-bc8f-b4af3d3631c7,august.immobilien,available,37.99,37.99,high,low,6,namesilo,,,22/09/2026 12:44
3b3a03de-5715-4133-bb79-6e53e4ae5544,stemless.immobilien,available,14.99,48.99,medium,low,8,name.com,,,
227c98ee-3814-492f-949a-d24db70fcd60,ineffably.immobilien,available,37.99,37.99,medium,low,9,namesilo,,,15/09/2026 07:55
aef8ca3f-3081-4c65-ab27-b632c500fecf,arcanum.immobilien,available,37.99,37.99,high,low,7,namesilo,,,20/09/2026 01:37
7d93e452-e774-40ec-90d6-02bd716342f8,retained.immobilien,available,37.99,37.99,high,low,8,namesilo,,,27/09/2026 13:05
54ccd5bb-573f-43ae-b709-555a127d77e9,fusiform.immobilien,available,14.99,48.99,medium,low,8,name.com,,,12/08/2026 08:02
d59779e7-854e-4e93-9198-20c73b789ea9,balanitis.immobilien,available,39.98,43.98,medium,low,9,namecheap,,,21/09/2026 21:01
8e09861e-8553-454a-8329-6bfeb4634038,arrogance.immobilien,available,37.99,37.99,high,low,9,namesilo,,,20/09/2026 09:19
b757cd29-0cde-44e6-8645-8eb12db1045a,sensor.immobilien,available,37.99,37.99,high,low,6,namesilo,,,29/09/2026 14:18
85d58207-b3a6-4443-81e0-44b8a3b7108c,allelic.immobilien,available,14.99,48.99,medium,low,7,name.com,,,
77af1d81-c76a-4dca-ab55-5d90d35fd1c8,pads.immobilien,available,37.99,37.99,high,low,4,namesilo,,,20/09/2026 10:38
0b98d0c0-ed98-4e0a-b264-a22a15a04f3d,ampere.immobilien,available,39.98,43.98,high,low,6,namecheap,,,18/09/2026 23:06
ca878761-b1ae-4cdf-93ac-699c728b811f,hausen.immobilien,available,39.98,43.98,high,low,6,namecheap,,,17/09/2026 01:50
05906f64-c129-4a09-95df-8560434c2759,obligations.immobilien,available,37.99,37.99,low,low,11,namesilo,,,29/09/2026 05:17
6407e84c-fd81-41c2-b5f6-be89afc0efb4,ungentle.immobilien,available,37.99,37.99,medium,low,8,namesilo,,,12/09/2026 11:11
e9400f24-9d5c-4a91-b40f-b64e87a5d9ad,dreamfully.immobilien,available,37.99,37.99,medium,low,10,namesilo,,,14/09/2026 14:19
3eb68653-d277-473c-b8bc-ba084c6317d4,epistemic.immobilien,available,14.99,48.99,medium,low,9,name.com,,,17/08/2026 11:13
7f41773f-fe40-47b0-ae30-01f7dcfc270d,aaa.immobilien,available,30.22,30.22,high,medium,3,spaceship,,,28/09/2026 16:55
f16cbd06-8dd5-4dd9-92b9-fa95ee732f4e,akha.immobilien,available,37.99,37.99,medium,low,4,namesilo,,,17/09/2026 23:55
eeed3c8f-359f-4d0c-9d2e-b3acb9606cc2,ostensibly.immobilien,available,39.98,43.98,medium,low,10,namecheap,,,13/09/2026 20:26
3645066c-8a24-4be1-872b-63e019527d14,hag.immobilien,available,37.99,37.99,high,low,3,namesilo,,,23/09/2026 04:44
0d0b83cb-121f-4ef1-8fc7-94068e8611ae,stoker.immobilien,available,37.99,37.99,medium,low,6,namesilo,,,16/09/2026 16:53
28938452-434f-4830-bb98-ec2dc2a91074,hungarian.immobilien,available,14.99,48.99,high,low,9,name.com,,,21/08/2026 15:39
6e63a962-d32e-46aa-9d12-b650368cc3ba,roosevelt.immobilien,available,37.99,37.99,high,low,9,namesilo,,,19/09/2026 09:58
340c085f-0df0-438d-8550-431ffdf0be61,twits.immobilien,available,37.99,37.99,low,low,5,namesilo,,,21/09/2026 06:16
08d722a8-1c4c-40f1-b524-06960afa2172,concourse.immobilien,available,8.24,31.15,high,low,9,dynadot,,,29/09/2026 10:34
125b29ad-80be-4990-97a2-4fc6e1e81db8,fortress.immobilien,available,30.22,30.22,high,low,8,spaceship,,,28/09/2026 05:46
b3c8a208-1ce8-49df-85be-a52794e7a064,junk.immobilien,available,39.98,43.98,medium,low,4,namecheap,,,24/09/2026 21:06
c6f2c95f-a3ae-4312-8ea9-240a65c42496,cathy.immobilien,available,37.99,37.99,high,low,5,namesilo,,,17/09/2026 16:36
e5b9a5e0-c418-47fb-a444-8086c630ad03,nonprofit.immobilien,available,39.98,43.98,high,low,9,namecheap,,,03/09/2026 18:33
22445aa8-e84c-45ab-a902-9656170ebe4b,directly.immobilien,available,37.99,37.99,high,low,8,namesilo,,,24/09/2026 10:41
33372362-ed50-4a4a-a743-5cbd0adbf8b1,morphine.immobilien,available,30.22,30.22,medium,low,8,spaceship,,,28/09/2026 10:27
6a9107c0-06e8-4245-9790-62e9e8fb62dd,strikes.immobilien,available,37.99,37.99,medium,low,7,namesilo,,,27/09/2026 09:13
3912a3fc-5670-46ae-a622-abe8e8f64913,possibility.immobilien,available,37.99,37.99,high,low,11,namesilo,,,25/09/2026 16:40
01c48eac-9fac-4ea7-a9d1-a7b1ea4f96b1,fugo.immobilien,available,37.99,37.99,medium,low,4,namesilo,,,21/09/2026 23:09
5aa23e51-a33f-4e76-a441-6a45fd503268,cadenced.immobilien,available,14.99,48.99,medium,low,8,name.com,,,11/08/2026 12:46
175546d1-3317-43b3-aed0-01bfcf9f75b9,engorge.immobilien,available,37.99,37.99,medium,low,7,namesilo,,,23/09/2026 17:25
ddec1800-b726-49a7-8627-3d0a17a0e223,blindly.immobilien,available,37.99,37.99,medium,low,7,namesilo,,,14/09/2026 00:21
b4b7c8a1-8ee3-45d9-ac22-7e40af4106df,internship.immobilien,available,8.24,31.15,high,low,10,dynadot,,,28/09/2026 10:09
9a306d3d-7988-4f95-9e5f-289f1e92ce16,yank.immobilien,available,37.99,37.99,high,low,4,namesilo,,,13/09/2026 14:14
12e18b36-00cc-479f-b7be-53f5cd685170,banner.immobilien,available,14.99,48.99,high,low,6,name.com,,,08/08/2026 13:53
ca63be99-f5bb-4104-a73f-379dafa37e15,nun.immobilien,available,8.24,30.38,high,low,3,porkbun,,,29/09/2026 11:00
616527dc-2554-434e-847f-470abeb656ae,timing.immobilien,available,37.99,37.99,high,low,6,namesilo,,,27/09/2026 05:40
09d3c772-9af1-433c-aec0-c2df753b529c,courtesy.immobilien,available,39.98,43.98,high,low,8,namecheap,,,24/09/2026 18:48
28e294e5-10c1-4ae7-ba11-712d6dd6071b,clorox.immobilien,available,37.99,37.99,high,low,6,namesilo,,,24/09/2026 15:53
42a20d21-a0a2-45be-bc02-2505f354b5e0,cattie.immobilien,available,14.99,48.99,medium,low,6,name.com,,,11/08/2026 22:14
7e71e12f-50bb-4638-a55e-c3cb9e3d3a4f,ursula.immobilien,available,37.99,37.99,medium,low,6,namesilo,,,28/09/2026 03:44
ec28c1d7-95bb-4d2d-9336-f43be9ee7437,scalic.immobilien,available,37.99,37.99,medium,low,6,namesilo,,,09/09/2026 22:27
dfd0fa4c-2ed1-41be-96ca-c0b322a01ebb,hooker.immobilien,available,37.99,37.99,medium,low,6,namesilo,,,25/09/2026 22:46
0674e239-8f02-4d14-b257-73b045f9f8ef,insouciant.immobilien,available,14.99,48.99,medium,low,10,name.com,,,11/08/2026 20:34
5dea5b97-9953-4812-943d-49feee63a17c,bethany.immobilien,available,30.22,30.22,medium,low,7,spaceship,,,28/09/2026 07:45
756932b3-699e-4e59-8653-42c5f8dc2580,coroner.immobilien,available,37.99,37.99,medium,low,7,namesilo,,,28/09/2026 09:27
eabd1aa0-7ca5-413a-87b4-83b291729548,americium.immobilien,available,37.99,37.99,medium,low,9,namesilo,,,18/09/2026 15:35
c0d7edc7-fe58-42d2-9df1-92e4137536a9,angora.immobilien,available,37.99,37.99,high,low,6,namesilo,,,19/09/2026 07:06
4e39ae91-0910-4765-9745-ae8a36b070d0,equipping.immobilien,available,37.99,37.99,high,low,9,namesilo,,,20/09/2026 07:13
9b78faf3-f435-4d37-ab55-803936e76de7,french.immobilien,available,39.98,43.98,high,low,6,namecheap,,,24/09/2026 21:41
995687e5-721c-4afb-8d88-acbe192075c9,giver.immobilien,available,37.99,37.99,high,low,5,namesilo,,,23/09/2026 10:44
e546c94d-5752-4ee3-b17f-e1e3bba76835,gallatin.immobilien,available,30.22,30.22,medium,low,8,spaceship,,,28/09/2026 22:22
4fa6f5d1-e504-4b6f-8e82-3aca4cac156f,carbonara.immobilien,available,39.98,43.98,high,low,9,namecheap,,,24/09/2026 12:46
d1dedf52-c5ee-4b05-a860-574b2a111c82,experienced.immobilien,available,14.99,,high,low,11,name.com,,,
d0d8a7f2-4067-46d1-b52d-116efbce40b0,ahead.immobilien,available,37.99,37.99,high,low,5,namesilo,,,21/09/2026 23:29
7b2e5b45-475d-47af-ba4b-ae89b7887564,seaweed.immobilien,available,29.2,29.2,high,low,7,cloudflare,,,30/09/2026 02:49
57cc6677-b026-427f-8b39-0210b6e0cf45,branchy.immobilien,available,14.99,48.99,medium,low,7,name.com,,,11/08/2026 02:23
48e78fe7-6bb0-4be1-94a0-52cc10aaf869,medicinal.immobilien,available,14.99,48.99,high,low,9,name.com,,,24/08/2026 19:01
fa8187b3-6921-43b1-9d44-fb404b2774b7,grub.immobilien,available,14.99,48.99,high,low,4,name.com,,,11/08/2026 09:30
bb818fb2-9566-4fec-9c23-06b6f7973081,bismuth.immobilien,available,37.99,37.99,high,low,7,namesilo,,,20/09/2026 23:53
660d2b6f-e158-45c9-8c37-be8b5dbca4a4,argent.immobilien,available,14.99,48.99,medium,low,6,name.com,,,06/08/2026 17:51
20569ce1-43bf-4885-9bdf-df448cfa407a,ossiculate.immobilien,available,39.98,43.98,medium,low,10,namecheap,,,04/09/2026 18:24
8f9467a0-f49f-4bf9-959e-16e23e146599,isaiah.immobilien,available,39.98,43.98,high,low,6,namecheap,,,24/09/2026 06:53
dfa41365-da00-4d03-8b15-8c9bca16f80e,resole.immobilien,available,37.99,37.99,medium,low,6,namesilo,,,10/09/2026 13:33
66b0309d-d6e7-4295-ac5a-3ff823f6b468,parts.immobilien,available,39.98,43.98,high,low,5,namecheap,,,25/09/2026 09:47
fe329e24-09b6-4713-bb40-707ee760f0ff,fagot.immobilien,available,37.99,37.99,medium,low,5,namesilo,,,09/09/2026 07:59
20abce6d-f315-4746-a080-8a3cdb1851cc,danielle.immobilien,available,37.99,37.99,medium,low,8,namesilo,,,28/09/2026 08:28
b2cea757-5669-4ee3-95f8-9d2fdd7ccb68,weismann.immobilien,available,37.99,37.99,high,low,8,namesilo,,,21/09/2026 03:48
34c5bf4a-2bc9-4030-bc15-b02579e58703,airmailer.immobilien,available,39.98,43.98,medium,low,9,namecheap,,,17/09/2026 23:15
cf792211-16db-4648-8bbb-9e25248e01e1,screwdrivers.immobilien,available,37.99,37.99,medium,low,12,namesilo,,,20/09/2026 04:52
d4a625aa-47e8-4374-8ee6-2be0c4d5c35b,animator.immobilien,available,39.98,43.98,high,low,8,namecheap,,,19/09/2026 09:13
047412f2-0a22-4f82-b8c8-24f610f0943d,exit.immobilien,available,30.22,30.22,high,low,4,spaceship,,,29/09/2026 12:09
d5dd0510-8be7-4c83-813d-8426516a82be,forth.immobilien,available,37.99,37.99,high,low,5,namesilo,,,22/09/2026 14:59
cc72e0c8-d95c-459f-8328-ed2223a9f5cb,uveal.immobilien,available,37.99,37.99,medium,low,5,namesilo,,,13/09/2026 00:22
e4bb6d59-b67e-4e63-b39a-4c1b5fe6f7db,axis.immobilien,available,8.24,31.15,high,medium,4,dynadot,,,28/09/2026 23:58
e9bf9056-9eea-466d-887c-14794adc0f5d,unhampered.immobilien,available,37.99,37.99,medium,low,10,namesilo,,,12/09/2026 11:51
2d551b23-ad59-4acd-99e1-1cc7dbaeb17a,emilia.immobilien,available,30.22,30.22,medium,low,6,spaceship,,,28/09/2026 09:36
3bdaf490-b123-40f6-be9e-79a855a7db50,derivative.immobilien,available,14.99,48.99,high,low,10,name.com,,,14/08/2026 03:01
1abdfb4f-4fc9-455a-94a5-a1ea8233bd04,gamin.immobilien,available,37.99,37.99,medium,low,5,namesilo,,,11/09/2026 14:56
d877e5d8-fece-417b-a195-49a6193a76fe,computing.immobilien,available,37.99,37.99,high,low,9,namesilo,,,19/09/2026 12:12
faa2e15c-b77d-4ab8-8c1c-127cd66bbe6f,closest.immobilien,available,37.99,37.99,high,low,7,namesilo,,,28/09/2026 14:05
b18b02e6-2a1e-4e36-9518-f355d0fbc45c,cruise.immobilien,available,39.98,43.98,high,low,6,namecheap,,,24/09/2026 19:51
cd38909b-baf5-4308-8608-cdab7c852fb0,alimentary.immobilien,available,14.99,48.99,high,low,10,name.com,,,
f505216c-3802-4140-8c1e-958a711f6ab4,liberian.immobilien,available,14.99,48.99,medium,low,8,name.com,,,23/08/2026 00:47
222fcfda-e38c-4a89-8c08-1144fb04d333,resonating.immobilien,available,30.22,30.22,high,low,10,spaceship,,,27/09/2026 12:29
9c1d07e1-e825-4319-bf02-f86c2bc717a1,amiability.immobilien,available,37.99,37.99,high,low,10,namesilo,,,17/09/2026 13:57
c423797a-df3c-49ef-84b0-0398e292c6d7,presidency.immobilien,available,30.22,30.22,high,low,10,spaceship,,,29/09/2026 13:43
94f448e6-4101-4608-8105-719c019bdd4a,courier.immobilien,available,39.98,43.98,high,low,7,namecheap,,,28/09/2026 18:49
f58346fb-dec6-44c7-997e-cd9433580b8a,aps.immobilien,available,37.99,37.99,high,low,3,namesilo,,,29/09/2026 10:56
1c5157a1-2b13-4182-83eb-c43986a29427,burial.immobilien,available,37.99,37.99,medium,low,6,namesilo,,,24/09/2026 11:18
8bbc4c6a-851f-429f-9289-11230e7e0184,sion.immobilien,available,39.98,43.98,high,low,4,namecheap,,,28/09/2026 06:03
f714bf4d-b53c-483d-af2a-8b6e16acd27b,academe.immobilien,available,39.98,43.98,high,low,7,namecheap,,,16/09/2026 20:22
051c8530-c13e-44cb-98a1-420b2de30615,tokens.immobilien,available,37.99,37.99,high,medium,6,namesilo,,,19/09/2026 22:34
ce5dcf17-d6af-4c6e-a2db-41d7cffdaf18,establishments.immobilien,available,14.99,,medium,low,14,name.com,,,
69a3fcea-4e38-4725-9806-b23318d5379e,catchy.immobilien,available,14.99,48.99,high,low,6,name.com,,,11/08/2026 21:20
dad47579-b0b1-4ebf-85ff-c8a59d7ee472,earlyish.immobilien,available,14.99,48.99,medium,low,8,name.com,,,14/08/2026 22:29
7ad6ac55-3974-4130-b6be-71f435732be4,fought.immobilien,available,14.99,,medium,low,6,name.com,,,
5d372c53-2825-4fad-8ec2-d6f696a6442e,minneapolis.immobilien,available,8.24,31.15,high,low,11,dynadot,,,29/09/2026 15:27
47dafc20-e383-4964-8406-1391f1fe93fe,goldilocks.immobilien,available,14.99,48.99,high,low,10,name.com,,,20/09/2026 17:03
1ea28c35-99f5-4f16-b4fc-95b54bd72377,upton.immobilien,available,37.99,37.99,medium,low,5,namesilo,,,27/09/2026 11:29
88646760-a478-4303-89e7-2f2cbd560692,unloved.immobilien,available,37.99,37.99,medium,low,7,namesilo,,,12/09/2026 15:10
c942fbe2-b1ea-4f7f-81d3-f82d3aebf63d,cycloid.immobilien,available,14.99,48.99,medium,low,7,name.com,,,13/08/2026 13:37
2e6cb91e-ded6-484e-95e3-078909f2aec6,hydroxy.immobilien,available,14.99,48.99,medium,low,7,name.com,,,21/08/2026 16:25
16382b20-b31a-4d1a-a2ea-5eebd6eb9ede,beheading.immobilien,available,37.99,37.99,medium,low,9,namesilo,,,23/09/2026 03:20
d06a918f-db73-4424-ae68-0106e71524a0,cements.immobilien,available,39.98,43.98,medium,low,7,namecheap,,,20/09/2026 09:07
b73cd9c1-06cc-492d-9c13-c2dc08fa9a4e,pretext.immobilien,available,57.99,57.99,high,low,7,godaddy,,,30/09/2026 01:48
195b5aa2-3f63-4641-bae2-e12166314a68,amusement.immobilien,available,37.99,37.99,high,low,9,namesilo,,,26/09/2026 00:23
113fc8c0-0e3c-42ca-a303-2de6526d92db,equilibrium.immobilien,available,37.99,37.99,high,low,11,namesilo,,,29/09/2026 23:01
97e48a96-293a-477f-9d86-1b546910f901,maximize.immobilien,available,30.22,30.22,high,low,8,spaceship,,,29/09/2026 20:44
7047cc55-40c2-4f61-8aae-3430135a68b1,copernican.immobilien,available,14.99,48.99,high,low,10,name.com,,,13/08/2026 00:26
f2dd4b96-7075-459b-b3cc-fd0f1f6d67f1,collector.immobilien,available,37.99,37.99,high,low,9,namesilo,,,16/09/2026 23:18
066df656-ba43-4ee8-884a-310a3935b8d5,destruction.immobilien,available,39.98,43.98,medium,low,11,namecheap,,,27/09/2026 02:03
69f4f955-82b4-448f-8560-0b2a661e5283,proves.immobilien,available,39.98,43.98,medium,low,6,namecheap,,,18/09/2026 07:04
0577e0f9-3fc9-42e5-ab09-4c408c895144,superfund.immobilien,available,37.99,37.99,high,low,9,namesilo,,,29/09/2026 08:11
bc6cca5d-8fd0-4682-8651-ffbceaccad47,uml.immobilien,available,14.99,,high,low,3,name.com,,,
e151561b-8bba-416a-9847-1683849b66da,abc.immobilien,premium,854,854,high,medium,3,namesilo,,,28/09/2026 17:01
9bc69d76-3e8a-427b-90fc-7944101836f1,apply.immobilien,available,30.22,30.22,high,low,5,spaceship,,,28/09/2026 06:21
8ccb7030-82c1-4369-b26d-4b5095001d90,garry.immobilien,available,8.24,31.15,high,low,5,dynadot,,,28/09/2026 03:42
6bec3ef1-5fa9-4400-9f2e-2669ce9ebe89,tartness.immobilien,available,37.99,37.99,medium,low,8,namesilo,,,17/09/2026 03:12
11a470fb-b402-468c-ae27-fe5fceedebd7,illinois.immobilien,available,14.99,48.99,high,low,8,name.com,,,21/08/2026 18:40
7d999f78-a962-4066-abbd-2014508899e5,biont.immobilien,available,39.98,43.98,medium,low,5,namecheap,,,23/09/2026 18:48
3d0333e1-3283-41a9-8d7d-f552335e0f5d,wakeful.immobilien,available,37.99,37.99,medium,low,7,namesilo,,,04/09/2026 16:03
5a5d567b-9065-44f4-ba93-aac844a7197e,marmoreal.immobilien,available,14.99,48.99,medium,low,9,name.com,,,24/08/2026 16:12
4092e731-cd55-4442-b4f4-c52b7ffb1a61,neolithic.immobilien,available,37.99,37.99,medium,low,9,namesilo,,,03/09/2026 15:25
fd82697b-a7fb-41e6-9b7a-516107f9f328,townshend.immobilien,available,37.99,37.99,medium,low,9,namesilo,,,29/09/2026 04:20
e0f0bccc-4ad4-4d74-be39-81f48c52a1bf,prussian.immobilien,available,37.99,37.99,high,low,8,namesilo,,,09/09/2026 04:50
d7a2c21f-dbce-4062-8e36-79f2b8c8844d,blather.immobilien,available,37.99,37.99,medium,low,7,namesilo,,,24/09/2026 04:46
7d6379d3-7c1e-413c-b6c4-c1562262dd03,sleeps.immobilien,available,30.22,30.22,medium,low,6,spaceship,,,28/09/2026 13:22
93bc8f2f-b860-4a88-999b-1b348fcc4ec0,edna.immobilien,available,37.99,37.99,high,low,4,namesilo,,,27/09/2026 01:34
162d44d0-bd4f-4bf7-bb62-428d0bb6c668,ccd.immobilien,available,37.99,37.99,high,low,3,namesilo,,,29/09/2026 04:56
39744608-abbd-4f2c-b340-f22b587eea71,playing.immobilien,available,8.24,30.38,high,low,7,porkbun,,,28/09/2026 16:27
06e1165e-9b5d-4ec8-b634-9d9eeabb0182,dominant.immobilien,available,14.99,48.99,high,low,8,name.com,,,14/08/2026 15:41
8bee37fa-7b36-4334-a62d-fa548e7dee54,leafed.immobilien,available,14.99,48.99,medium,low,6,name.com,,,22/08/2026 21:52
61516917-3a6b-40b8-89e5-4ba5fc241d5f,cookies.immobilien,available,30.22,30.22,high,low,7,spaceship,,,27/09/2026 23:29
56dcdd27-f3d9-4982-980a-fd32b6bfb3ec,runners.immobilien,available,37.99,37.99,high,low,7,namesilo,,,18/09/2026 06:01
875bbd04-3fb2-4dbc-bc73-6250256e4fe3,dyed.immobilien,available,14.99,48.99,high,low,4,name.com,,,14/08/2026 21:54
1b54f1ea-3536-4ef6-85e0-72ad899af789,duration.immobilien,available,30.22,30.22,high,low,8,spaceship,,,28/09/2026 19:00
52fc5660-b992-48c6-b1ef-210195818502,endeavour.immobilien,available,37.99,37.99,high,low,9,namesilo,,,21/09/2026 01:16
ca257193-7879-4fc4-a458-db31253fb3df,demonstrations.immobilien,available,14.99,,medium,low,14,name.com,,,
2412170c-7c14-42fb-a7a7-c6beb5ce85ed,aril.immobilien,available,37.99,37.99,medium,low,4,namesilo,,,20/09/2026 05:30
52e384cd-f49e-430d-b00d-c1cd28d058ba,commit.immobilien,available,14.99,,high,low,6,name.com,,,
88134dee-ba87-4631-ad6a-436123468658,businesses.immobilien,available,37.99,37.99,medium,low,10,namesilo,,,28/09/2026 04:57
cfe4ed5a-44c8-4067-8960-d7b9011031e1,millie.immobilien,available,37.99,37.99,high,low,6,namesilo,,,29/09/2026 09:08
091d43b7-52a3-4627-94ce-46b111da000a,humanly.immobilien,available,37.99,37.99,high,low,7,namesilo,,,15/09/2026 01:20
4185a859-75a9-4cc4-98b3-47dc52b6abbe,eurasian.immobilien,available,14.99,48.99,high,low,8,name.com,,,17/08/2026 14:26
5a321000-b131-4cb8-af93-445979c31a87,analogous.immobilien,available,14.99,48.99,medium,low,9,name.com,,,
1d5812be-3700-4060-8003-7eed49232fdf,appointive.immobilien,available,14.99,48.99,medium,low,10,name.com,,,06/08/2026 07:16
39172c11-6504-4c55-a054-89f106eefac9,rule.immobilien,available,39.98,43.98,high,low,4,namecheap,,,03/09/2026 21:15
ab586b70-b3d4-4d46-bbb1-4dfbac796daa,wilfrid.immobilien,available,39.98,43.98,medium,low,7,namecheap,,,29/09/2026 09:35
8ba5a7e7-72ea-44cb-bb94-534ea93d4b52,tokyo.immobilien,available,39.98,43.98,high,low,5,namecheap,,,24/09/2026 12:18
00189f3d-9e5a-417b-a11e-dd3b74289719,nobody.immobilien,available,14.99,,high,low,6,name.com,,,
d76cdb4c-d011-47e4-9e5e-af066e943a35,hypaethral.immobilien,available,14.99,48.99,medium,low,10,name.com,,,21/08/2026 16:39
c76952bc-1f8a-4350-b9f7-c9467e78f3b5,feathers.immobilien,available,37.99,37.99,medium,low,8,namesilo,,,28/09/2026 08:18
35075c27-90a8-4c09-9714-1d89020db0eb,suppliant.immobilien,available,37.99,37.99,medium,low,9,namesilo,,,11/09/2026 02:30
f6409bf1-7eb4-454c-ad03-33e31b9a2151,natural.immobilien,available,39.98,43.98,high,low,7,namecheap,,,28/09/2026 04:26
9f0b2d12-07f1-4fdb-8584-5ffd0c7778bf,biohazard.immobilien,available,39.98,43.98,medium,low,9,namecheap,,,23/09/2026 18:14
bbc1158e-b135-49c3-b68f-fc1bc1af712b,invertible.immobilien,available,14.99,48.99,high,low,10,name.com,,,22/08/2026 09:00
05ef0920-4e2b-4c61-9f13-86cda3d41abe,bananas.immobilien,available,39.98,43.98,high,low,7,namecheap,,,28/09/2026 15:58
9719dbfa-0015-425a-aace-e03de0c70e67,legalise.immobilien,available,14.99,48.99,high,low,8,name.com,,,22/08/2026 23:07
50b6e979-9a28-4fd3-aea0-48aa5b474f4e,host.immobilien,available,14.99,48.99,high,medium,4,name.com,,,22/08/2026 23:02
14d92abf-c053-44f7-8f73-e84c8712acf2,pulitzer.immobilien,available,39.98,43.98,high,low,8,namecheap,,,29/09/2026 19:26
2b0953d6-1d36-4f7a-816d-bb76c079a9cb,glimmery.immobilien,available,14.99,48.99,medium,low,8,name.com,,,20/08/2026 14:28
85b5350b-fef2-4c79-b2a2-b32a07f63670,heatless.immobilien,available,14.99,48.99,medium,low,8,name.com,,,21/08/2026 02:27
807623f2-caeb-4628-b87a-2984125d3a80,silvery.immobilien,available,14.99,48.99,high,low,7,name.com,,,06/08/2026 17:56
6096f3d1-e3f2-43e7-a360-706713c54aba,committing.immobilien,available,14.99,,high,low,10,name.com,,,
c7b7e7b5-38d7-4367-92cf-be00aa74cf72,drainage.immobilien,available,8.24,31.15,high,low,8,dynadot,,,29/09/2026 18:40
31de7cb1-1250-42fa-950e-7aec659eec86,bugs.immobilien,available,37.99,37.99,high,low,4,namesilo,,,25/09/2026 12:21
1505b526-462a-4451-ad6c-c776aa973ba0,compilers.immobilien,available,14.99,,medium,low,9,name.com,,,
0d56a7eb-5197-4da6-8468-ecf54fd45c32,logo.immobilien,available,30.22,30.22,high,low,4,spaceship,,,28/09/2026 04:19
87220529-67f6-4137-bd26-6ede2823c965,brow.immobilien,available,30.22,30.22,medium,low,4,spaceship,,,29/09/2026 04:36
b6d7c3cf-7e30-4daf-b48d-9da40b760d44,summer.immobilien,available,37.99,37.99,high,low,6,namesilo,,,27/09/2026 05:34
fddb7a58-38be-4c1c-9f85-a3b621194308,lighthouse.immobilien,available,39.98,43.98,high,medium,10,namecheap,,,22/09/2026 19:13
ea4ad3e1-4a28-4e26-b57e-99a553f6611d,biogenesis.immobilien,available,39.98,43.98,high,low,10,namecheap,,,23/09/2026 18:02
9833f64d-23eb-47c7-b49a-52b2ffcee3bb,roaring.immobilien,available,14.99,48.99,high,low,7,name.com,,,10/08/2026 19:21
ed599c43-de92-4efe-97c6-f7a379a3cd2b,flimsy.immobilien,available,14.99,48.99,medium,low,6,name.com,,,18/08/2026 08:15
6962a24c-2d7e-40a1-a640-a92f33606c07,hawes.immobilien,available,29.2,29.2,medium,low,5,cloudflare,,,29/09/2026 22:21
287f9882-ef31-499e-9a37-826f79d715d7,stale.immobilien,available,39.98,43.98,high,low,5,namecheap,,,10/09/2026 18:24
f787777c-a696-4847-8f6e-4a5196b1e033,criterion.immobilien,available,30.22,30.22,high,low,9,spaceship,,,28/09/2026 00:29
bd36885b-2116-4c86-bd0f-b9ace30c7e1d,upstage.immobilien,available,14.99,48.99,high,low,7,name.com,,,
cf972012-59d8-4a9c-b26a-40d8440f41be,sedgy.immobilien,available,37.99,37.99,medium,low,5,namesilo,,,10/09/2026 01:38
132c127e-c304-4902-8eed-46889795d328,rye.immobilien,available,37.99,37.99,medium,low,3,namesilo,,,28/09/2026 15:17
86316d6b-fdcf-4c3c-a20f-2b039380d1dc,liaise.immobilien,available,14.99,48.99,high,low,6,name.com,,,22/08/2026 08:15
e302baec-bd5c-43c0-b8f1-87d734ae5820,iffy.immobilien,available,14.99,48.99,medium,low,4,name.com,,,18/08/2026 09:22
bf13e098-fb97-47a3-baa1-45b49569456d,ahab.immobilien,available,39.98,43.98,medium,low,4,namecheap,,,17/09/2026 20:17
d8c0aab4-8f07-42fc-bbcc-ade3c5a6c818,nebulose.immobilien,available,14.99,48.99,medium,low,8,name.com,,,12/08/2026 12:43
bb10ec56-3e1f-43fe-b331-f0e085872a73,retarded.immobilien,available,30.22,30.22,medium,low,8,spaceship,,,27/09/2026 13:11
f3fc7434-c730-498a-ba01-f3122a84e769,useable.immobilien,available,14.99,48.99,medium,low,7,name.com,,,12/09/2026 23:57
610a1bb3-2095-432f-82a9-c32e34c38df9,bruise.immobilien,available,8.24,31.15,medium,low,6,dynadot,,,29/09/2026 04:45
52a1f4e1-ba20-4d21-b1dd-37a6badc0d94,daryl.immobilien,available,30.22,30.22,medium,low,5,spaceship,,,29/09/2026 04:03
646d76ab-308a-48fb-bfcc-ebf5e151d6d4,hitchcock.immobilien,available,39.98,43.98,high,low,9,namecheap,,,18/09/2026 06:32
402ec89e-3916-4de9-8482-7eb0b9887e0d,ionized.immobilien,available,14.99,48.99,high,low,7,name.com,,,22/08/2026 09:31
9d084e8d-cedc-46eb-831d-74e4fd6279e8,monistic.immobilien,available,14.99,48.99,medium,low,8,name.com,,,25/08/2026 04:51
e8600751-745b-4e56-8c4b-86a3ec06878e,ivry.immobilien,available,39.98,43.98,medium,low,4,namecheap,,,22/09/2026 15:16
675a0fab-a07f-4ab7-b287-1f50560f81b5,bawler.immobilien,available,37.99,37.99,medium,low,6,namesilo,,,22/09/2026 16:58
d8965156-613f-4611-87d0-9773f9561d3c,loveliness.immobilien,available,37.99,37.99,high,low,10,namesilo,,,22/09/2026 22:21
6dbaccd9-e6cf-4f27-afdf-432e5b1f5968,akimbo.immobilien,available,14.99,48.99,medium,low,6,name.com,,,
7a05fbe2-0f94-4be4-b655-065f990a2cc6,unionized.immobilien,available,39.98,43.98,medium,low,9,namecheap,,,03/09/2026 19:29
3bcfe5cd-f801-43d9-b69e-0ca8db847b10,ormond.immobilien,available,37.99,37.99,medium,low,6,namesilo,,,29/09/2026 15:48
7a8e95f4-4bc9-440c-b68b-4ab28f79b433,des.immobilien,available,37.99,37.99,high,low,3,namesilo,,,29/09/2026 14:04
cac0c90c-1661-443e-a65c-2133fc187d10,kangaroo.immobilien,available,30.22,30.22,high,low,8,spaceship,,,29/09/2026 07:23
825ba766-9890-42d5-88b6-addfe7bdb9b4,fan.immobilien,available,37.99,37.99,high,medium,3,namesilo,,,23/09/2026 10:11
f15f60a4-3ab9-40c5-ad25-ec04eb80f654,australasian.immobilien,available,37.99,37.99,medium,low,12,namesilo,,,29/09/2026 03:04
b7ed4b21-f39d-4800-ae88-1eb53c6cf3f4,riddle.immobilien,available,39.98,43.98,high,low,6,namecheap,,,24/09/2026 08:02
6a76a4f3-52d9-4bf9-9b44-1f30b0f4250c,confession.immobilien,available,39.98,43.98,high,low,10,namecheap,,,29/09/2026 10:52
16e62b17-2003-42d6-bef5-634eeba98106,erosive.immobilien,available,14.99,48.99,medium,low,7,name.com,,,13/08/2026 02:09
22be4cc8-f8dc-4931-bc70-9afa9c4a328c,apologize.immobilien,available,14.99,,high,low,9,name.com,,,
aad792b2-d192-41cc-9b20-ae815242c53a,champ.immobilien,available,14.99,48.99,high,low,5,name.com,,,12/08/2026 01:35
dbb2d611-8f59-4e7d-95f9-faf90816f0ef,remembering.immobilien,available,14.99,,high,low,11,name.com,,,
28d18a24-0ab0-4cc8-99d0-232951491255,oahu.immobilien,available,29.2,29.2,high,low,4,cloudflare,,,28/09/2026 10:38
67e4855c-f2a6-44cd-920a-c2b643893f2b,cooperate.immobilien,available,8.24,31.15,high,low,9,dynadot,,,28/09/2026 17:32
3f72c915-6fa9-4179-9ebe-b9be577b4245,igg.immobilien,available,29.2,29.2,high,low,3,cloudflare,,,30/09/2026 01:57
2e55f1aa-db1f-4fbf-aa05-cac2a16e5d89,winding.immobilien,available,14.99,48.99,medium,low,7,name.com,,,24/08/2026 18:19
a6a71f28-4a16-46a7-a768-086aabe1bc6c,seated.immobilien,available,30.22,30.22,high,low,6,spaceship,,,27/09/2026 19:11
0e7c83ae-9978-448b-a9e9-8ad7ee483fca,castellano.immobilien,available,14.99,,medium,low,10,name.com,,,
77929839-12fc-4f0c-aa10-ec56ed76e4b0,adjustments.immobilien,available,37.99,37.99,medium,low,11,namesilo,,,30/09/2026 00:44
72ebb569-2f8d-4b04-867e-e77ae801f52c,butter.immobilien,available,30.22,30.22,high,low,6,spaceship,,,29/09/2026 05:32
d0dc1c55-fe1d-46d6-a77e-1fc0c1f4cef6,miracles.immobilien,available,37.99,37.99,high,low,8,namesilo,,,28/09/2026 05:03
40b35838-92d8-49fa-a9c5-f9b39cc656b1,abandonment.immobilien,available,39.98,43.98,medium,low,11,namecheap,,,29/09/2026 22:48
5ad26289-55dd-4cdd-ba85-b484845e308d,erotically.immobilien,available,37.99,37.99,medium,low,10,namesilo,,,14/09/2026 15:58
71ce1fef-a03b-4431-8d0c-cc8a03ac134d,gladiola.immobilien,available,14.99,48.99,medium,low,8,name.com,,,19/08/2026 00:09
3abe108d-6dfc-41c2-9995-14cd02830249,comma.immobilien,available,37.99,37.99,high,low,5,namesilo,,,24/09/2026 16:27
09890ddc-f791-4bbf-b045-9bf379c98444,endwise.immobilien,available,37.99,37.99,medium,low,7,namesilo,,,14/09/2026 15:37
09f221c4-ba56-49a8-a210-c70635176636,relentless.immobilien,available,14.99,48.99,high,low,10,name.com,,,20/08/2026 20:05
1abf044c-fe17-401f-9a88-c22ba47ee286,hourlong.immobilien,available,14.99,48.99,medium,low,8,name.com,,,21/08/2026 14:22
b8382ce9-c6d0-4e48-ba36-c0338103d361,vogue.immobilien,available,29.2,29.2,high,low,5,cloudflare,,,29/09/2026 02:30
c231e674-2869-4735-8294-e7c092f43f0e,soh.immobilien,available,37.99,37.99,medium,low,3,namesilo,,,16/09/2026 03:36
cdd94e82-f34b-4faa-b8d4-0372a52861ae,addict.immobilien,available,37.99,37.99,high,low,6,namesilo,,,17/09/2026 06:48
65050c94-b114-4f8b-846c-2b2bc3555f4b,fatality.immobilien,available,8.24,31.15,medium,low,8,dynadot,,,30/09/2026 01:36
dad4b11f-b698-43a7-96cc-8ac18a735cdf,gothenburg.immobilien,available,29.2,29.2,medium,low,10,cloudflare,,,28/09/2026 14:19
586c7978-9974-4836-b84e-8a432a3ad056,personal.immobilien,available,37.99,37.99,high,low,8,namesilo,,,28/09/2026 12:58
db6c72d1-d5ea-44fa-abd0-59b566be0ab9,insulted.immobilien,available,30.22,30.22,low,low,8,spaceship,,,28/09/2026 23:30
47e797ac-13c4-42c3-8354-b5ca24013586,garden.immobilien,available,37.99,37.99,high,low,6,namesilo,,,28/09/2026 23:23
2366437e-c156-42ec-be5a-4903bae9a1e9,imbecile.immobilien,available,14.99,48.99,medium,low,8,name.com,,,21/08/2026 20:22
f078d90d-e981-4f82-859c-3709c34fcf84,kano.immobilien,available,29.2,29.2,high,low,4,cloudflare,,,29/09/2026 09:07
df97cd51-1545-471e-b86f-b289046d3576,isothermal.immobilien,available,14.99,48.99,medium,low,10,name.com,,,22/08/2026 11:22
a03ad363-f051-4118-b7dd-92936096b49d,tiny.immobilien,available,39.98,43.98,high,medium,4,namecheap,,,22/09/2026 17:13
70e217b9-f29f-43df-8748-0217e22db048,spacetravel.immobilien,available,14.99,,high,low,12,name.com,,,
1c58c39b-324a-4a56-ac25-0d1ade168bdb,screws.immobilien,available,39.98,43.98,medium,low,6,namecheap,,,29/09/2026 17:35
382d57e5-a6f5-440f-98f2-56f5d0328ca5,empowered.immobilien,available,14.99,48.99,high,low,9,name.com,,,16/08/2026 18:26
f886ea9a-aaae-4e2b-9f71-634ff41533a4,julie.immobilien,available,37.99,37.99,high,low,5,namesilo,,,25/09/2026 14:47
d02afcfe-b314-4dad-b6a7-67378404a60f,robb.immobilien,available,30.22,30.22,medium,low,4,spaceship,,,28/09/2026 12:14
f716737e-fd53-4ff3-b913-39744141a076,blown.immobilien,available,14.99,48.99,high,low,5,name.com,,,10/08/2026 15:36
e74961b5-078a-42d4-b781-14d424364f78,intangible.immobilien,available,14.99,48.99,high,low,10,name.com,,,21/08/2026 21:42
e6d7358d-77f1-4ba4-898a-ca3ab5cef65b,temple.immobilien,available,,,high,high,6,,,,
71f0df41-e2ce-4813-aa55-d17b9fc43642,distant.immobilien,available,37.99,37.99,high,low,7,namesilo,,,22/09/2026 02:03
f98f7d6f-b2ed-4e66-bf93-6888ed879f4d,endorsement.immobilien,available,30.22,30.22,high,low,11,spaceship,,,29/09/2026 04:49
efc2c095-68e5-4527-9346-554ac3a0096d,iranian.immobilien,available,14.99,48.99,high,low,7,name.com,,,22/08/2026 09:39
67e629bc-d4da-4428-b0b1-59cfdb962119,petrograd.immobilien,available,37.99,37.99,medium,low,9,namesilo,,,29/09/2026 01:34
bbba83d4-9dc0-4df9-80d8-666a9a542866,versed.immobilien,available,37.99,37.99,high,low,6,namesilo,,,13/09/2026 04:29
70dfae30-cb3f-4b7a-9c17-52e4061a802c,aloft.immobilien,available,39.98,43.98,medium,low,5,namecheap,,,13/09/2026 19:10
2fb1999d-f111-4809-b62c-69117a700d06,baldhead.immobilien,available,37.99,37.99,medium,low,8,namesilo,,,21/09/2026 21:41
7f505c3f-d72c-44c0-b3a3-53367cdf016c,balochi.immobilien,available,37.99,37.99,medium,low,7,namesilo,,,21/09/2026 23:40
64598469-3dc3-4e0a-a824-56494b53b453,aerie.immobilien,available,,,high,medium,5,,,,
7fc4f0f5-fc42-4aeb-a908-b6be7e5bffb5,wanly.immobilien,available,37.99,37.99,low,low,5,namesilo,,,16/09/2026 11:19
9cc79105-5b93-4641-8871-8bebe10ef1ea,cursive.immobilien,available,14.99,48.99,high,low,7,name.com,,,13/08/2026 11:36
98c2cea9-5be4-481a-971b-9fd0bb08c75a,cytherea.immobilien,available,37.99,37.99,medium,low,8,namesilo,,,19/09/2026 17:16
0c583fac-c263-4c06-a84d-faa2c4a9dd34,thrift.immobilien,available,37.99,37.99,high,low,6,namesilo,,,27/09/2026 03:24
17faed51-f2b4-47c2-ad20-412162da998e,nub.immobilien,available,37.99,37.99,high,low,3,namesilo,,,14/09/2026 23:53
b5fd6fe0-d95f-466f-9fc4-4ba6aabc9c46,destiny.immobilien,available,39.98,43.98,high,low,7,namecheap,,,29/09/2026 09:18
da64a006-8ab8-4a2f-bd61-6cf18db293c4,hoagie.immobilien,available,39.98,43.98,high,low,6,namecheap,,,24/09/2026 20:04
24452ea3-0f0b-4b44-b954-110b808b7bb8,represents.immobilien,available,8.24,30.38,high,low,10,porkbun,,,28/09/2026 05:02
2bb9516e-294f-4603-a5c9-edf4dc771302,knotty.immobilien,available,14.99,48.99,high,low,6,name.com,,,08/08/2026 08:12
c779fd44-f1b8-4259-b04b-dab8869ee8bb,barbecue.immobilien,available,37.99,37.99,high,low,8,namesilo,,,29/09/2026 01:06
455308ac-8468-4934-ab56-ebc2763b26d9,advisable.immobilien,available,14.99,48.99,high,low,9,name.com,,,
51a50e54-c8d9-4980-92a3-b64737424e0b,dialogue.immobilien,available,37.99,37.99,high,low,8,namesilo,,,24/09/2026 22:11
4a60af7b-c457-4324-87b3-18314124c4ad,joyous.immobilien,available,14.99,48.99,high,low,6,name.com,,,22/08/2026 14:06
a9a463c8-705b-450c-8aab-3ea886dae29a,nighted.immobilien,available,14.99,48.99,low,low,7,name.com,,,09/08/2026 14:33
df10c26c-3674-47fe-b983-4bade21a56d8,omb.immobilien,available,30.22,30.22,medium,low,3,spaceship,,,29/09/2026 19:51
640e2f27-c5af-4ae5-95fd-8d00f328e2a7,teatime.immobilien,available,37.99,37.99,high,low,7,namesilo,,,17/09/2026 15:45
6679cb4f-52d7-4f6b-832e-ffd61c6207ee,walks.immobilien,available,37.99,37.99,high,low,5,namesilo,,,25/09/2026 16:37
d677ff7a-da4b-4356-b265-f4c9afaa76a0,walton.immobilien,available,39.98,43.98,high,low,6,namecheap,,,25/09/2026 05:07
0fb5186c-b996-4643-bc45-3f239b3a9673,stuff.immobilien,available,39.98,43.98,high,low,5,namecheap,,,25/09/2026 17:52
819e8f17-cc02-4e61-952c-afb32d10ed30,capacity.immobilien,available,37.99,37.99,high,low,8,namesilo,,,24/09/2026 12:12
4303530d-3520-41c1-b81d-479bdd3b9e50,podium.immobilien,available,37.99,37.99,high,low,6,namesilo,,,18/09/2026 17:13
f97b3f08-5490-4fc4-8e90-9311fb292550,archbishop.immobilien,available,39.98,43.98,high,low,10,namecheap,,,20/09/2026 01:46
7aa4ee81-e47d-4fe0-955a-2c7d5e623a88,permian.immobilien,available,29.2,29.2,high,low,7,cloudflare,,,27/09/2026 15:11
1fe6969b-ab8f-48d6-9d6a-7e891f255f34,staggering.immobilien,available,39.98,43.98,medium,low,10,namecheap,,,10/09/2026 18:08
7d020bdf-ae4a-4704-bcb1-ef17f99f7be5,verified.immobilien,available,37.99,37.99,high,medium,8,namesilo,,,13/09/2026 02:25
bccef51e-fa18-4a6c-8a19-437ce8eefc01,swishing.immobilien,available,37.99,37.99,high,low,8,namesilo,,,18/09/2026 03:16
433e4301-703d-4e01-8133-db9601804584,grecian.immobilien,available,14.99,48.99,high,low,7,name.com,,,20/08/2026 19:44
95093d2f-f33f-445a-980e-841504c5aa32,nescience.immobilien,available,37.99,37.99,medium,low,9,namesilo,,,12/09/2026 14:26
98e57115-dd67-48b4-b6be-a367d35fd368,savagery.immobilien,available,39.98,43.98,medium,low,8,namecheap,,,22/09/2026 04:29
4579da74-94cc-422d-80f2-d8700a17c60c,egotistic.immobilien,available,14.99,48.99,medium,low,9,name.com,,,12/08/2026 19:55
8f3e8082-0a88-440a-864e-5a6bd8ba0987,eastern.immobilien,available,39.98,43.98,high,low,7,namecheap,,,24/09/2026 13:10
b0db6db8-acd4-4390-bd71-803457832e40,nostalgic.immobilien,available,37.99,37.99,high,low,9,namesilo,,,03/09/2026 21:59
6f7aee83-14af-4f68-bdbd-ed8937928808,waver.immobilien,available,14.99,48.99,medium,low,5,name.com,,,17/08/2026 21:37
ac05a2a1-3927-450e-ae44-76c798b00866,policy.immobilien,available,29.2,29.2,high,low,6,cloudflare,,,30/09/2026 00:13
881871fe-1eff-43a9-a102-ce38340c23ce,allotropic.immobilien,available,14.99,48.99,medium,low,10,name.com,,,
c4dbd9f6-3819-4490-ac67-d17fcdf4db1a,identical.immobilien,available,37.99,37.99,high,low,9,namesilo,,,25/09/2026 07:23
e3630d91-ac56-44e2-9d1c-10d556d77935,asunder.immobilien,available,14.99,48.99,medium,low,7,name.com,,,07/08/2026 10:20
b265c0cd-cc02-4802-b14d-cf458eaf44a7,clayton.immobilien,available,37.99,37.99,high,low,7,namesilo,,,25/09/2026 21:46
1b405f0d-46ba-4a73-acf3-e3f5e7d0c3b6,allargando.immobilien,available,14.99,48.99,medium,low,10,name.com,,,
545f47b9-db9e-4234-964d-e38a690d2773,southampton.immobilien,available,37.99,37.99,high,low,11,namesilo,,,25/09/2026 14:27
feb9ff68-126d-4d43-88c5-cce0820b70db,irani.immobilien,available,14.99,48.99,high,low,5,name.com,,,22/08/2026 09:42
a7f22b71-591e-47a4-af4a-d4f822f377fc,tomboys.immobilien,available,37.99,37.99,low,low,7,namesilo,,,20/09/2026 23:15
bbded5b2-a5fa-459d-86b5-57a2dcedcd3f,overstatement.immobilien,available,14.99,,medium,low,13,name.com,,,
b49b4d9e-e38b-4440-8eeb-290c757ae6b7,barium.immobilien,available,37.99,37.99,high,low,6,namesilo,,,20/09/2026 23:19
131e62f2-7a65-4d65-a0ca-b675174add7b,disclosed.immobilien,available,37.99,37.99,high,low,9,namesilo,,,24/09/2026 11:06
c977b170-49a2-4641-a074-4758c6a5f0f1,istanbul.immobilien,premium,242,242,high,low,8,namesilo,,,24/09/2026 17:33
53af6ce9-07c5-48b1-836c-2805a7045f45,vacation.immobilien,available,37.99,37.99,high,low,8,namesilo,,,29/09/2026 22:55
7ab50c1f-a3cc-45fc-9750-a66eda2b7b50,deepest.immobilien,available,14.99,,medium,low,7,name.com,,,
8beeb2f3-761e-4876-a96f-a27c12141f48,candlenut.immobilien,available,37.99,37.99,medium,low,9,namesilo,,,18/09/2026 05:37
7a1878c9-dc6d-4432-b90b-2ce31845ee9b,fatima.immobilien,available,29.2,29.2,high,low,6,cloudflare,,,29/09/2026 06:52
6a0fe9df-edd4-42be-a385-f6cfa717dd3c,happiest.immobilien,available,37.99,37.99,high,low,8,namesilo,,,18/09/2026 04:16
fa2e7839-54a4-480a-83cf-2ce8128b950e,reactor.immobilien,available,37.99,37.99,high,low,7,namesilo,,,28/09/2026 10:36
19f0f820-7d54-4c74-9cac-855a73011263,activities.immobilien,available,37.99,37.99,medium,low,10,namesilo,,,27/09/2026 22:27
fb6f064d-3acb-40b2-a5e6-730d6e09b7bc,production.immobilien,available,39.98,43.98,high,low,10,namecheap,,,19/09/2026 18:56
76767042-34bb-4cac-87f2-0f6b8bebfe5c,closure.immobilien,available,39.98,43.98,high,low,7,namecheap,,,24/09/2026 15:56
173d12e3-feb4-441d-9641-a1ced4da6db5,logic.immobilien,available,37.99,37.99,high,medium,5,namesilo,,,28/09/2026 04:37
0697b91a-37bb-487c-8ac0-c1c27ae5c77e,atticus.immobilien,available,37.99,37.99,high,low,7,namesilo,,,21/09/2026 01:46
e6cf5c53-20b5-45b9-a6ae-5db0f0b67761,lucania.immobilien,available,37.99,37.99,medium,low,7,namesilo,,,22/09/2026 10:51
918228e7-932d-460f-9e62-132d5c8b7d49,myopic.immobilien,available,14.99,48.99,medium,low,6,name.com,,,03/09/2026 12:14
f1317303-5d37-459f-8b23-c111cfb99d03,baggage.immobilien,available,29.2,29.2,high,low,7,cloudflare,,,29/09/2026 00:29
36508e38-4ef8-46b3-87a9-64ace7fe6e8a,radiation.immobilien,available,37.99,37.99,high,low,9,namesilo,,,17/09/2026 04:59
f9848a3b-9bb6-4b0e-83eb-b9a1a4c039d4,booker.immobilien,available,39.98,43.98,high,low,6,namecheap,,,30/09/2026 00:51
ecb0dc98-d432-417c-8abd-3d72c089baa9,bahai.immobilien,available,14.99,48.99,high,low,5,name.com,,,08/08/2026 08:27
6e74bc76-14e2-4c76-aa59-527f178a8484,nontaxable.immobilien,available,39.98,43.98,medium,low,10,namecheap,,,03/09/2026 20:54
6233152e-bfe5-49b5-8516-4163cb58063b,yearner.immobilien,available,37.99,37.99,medium,low,7,namesilo,,,15/09/2026 12:51
c0a2f07d-9662-4545-8d17-bd85a732b148,arethusa.immobilien,available,37.99,37.99,medium,low,8,namesilo,,,20/09/2026 04:04
a22426a3-ee1e-4db6-902e-e8068dfb1866,composite.immobilien,available,37.99,37.99,high,low,9,namesilo,,,23/09/2026 17:39
ffd9b2c8-c3d6-4c38-8a97-952e9b60c850,engines.immobilien,available,39.98,43.98,medium,low,7,namecheap,,,19/09/2026 19:59
dd3b6faa-2b52-4afe-8a44-44502cce7450,syncopated.immobilien,available,37.99,37.99,high,low,10,namesilo,,,11/09/2026 06:19
e78d879e-21a7-48cf-abf8-81b7039425cc,scorched.immobilien,available,14.99,48.99,medium,low,8,name.com,,,
a83ab51d-7637-40a5-806a-a3dee6d2deab,cleaned.immobilien,available,37.99,37.99,high,low,7,namesilo,,,27/09/2026 02:45
6b59ee06-3063-4bfb-8a2b-a6c1dbc66679,conversion.immobilien,available,37.99,37.99,high,low,10,namesilo,,,29/09/2026 06:19
87cc3963-0872-46f6-a862-e3c6e014457b,convivial.immobilien,available,14.99,48.99,high,low,9,name.com,,,12/08/2026 23:53
5cb8c6ba-edf3-4d28-b4e8-bb47bcff3a00,ellis.immobilien,available,39.98,43.98,high,low,5,namecheap,,,25/09/2026 20:56
d094654b-859a-4eab-84ba-69b2456a3989,boon.immobilien,available,37.99,37.99,high,low,4,namesilo,,,28/09/2026 07:47
860fc9df-2336-4067-b13f-13c1470554bb,advection.immobilien,available,37.99,37.99,medium,low,9,namesilo,,,17/09/2026 10:31
82646861-0574-43c3-bba2-8a5fb9fa800a,westport.immobilien,available,29.2,29.2,high,low,8,cloudflare,,,28/09/2026 08:11
7511c745-1785-4a9e-9a7e-ef5e0c15faf0,lobe.immobilien,available,30.22,30.22,high,low,4,spaceship,,,29/09/2026 19:33
c1e3890a-5483-4724-9481-1680233180d6,falkland.immobilien,available,30.22,30.22,medium,low,8,spaceship,,,28/09/2026 12:09
bb874fc7-c6a2-47a8-86eb-584c9851866b,etiolate.immobilien,available,14.99,48.99,medium,low,8,name.com,,,17/08/2026 13:53
a5bfc0be-1bb3-4f14-b280-6e3c4a4ae52e,masses.immobilien,available,29.2,29.2,high,low,6,cloudflare,,,29/09/2026 22:51
ff02e69c-db42-4419-bf6c-1c144da69f8e,bhaga.immobilien,available,37.99,37.99,medium,low,5,namesilo,,,23/09/2026 12:29
98ba1dff-f255-46e2-b993-a8737590b911,soviets.immobilien,available,29.2,29.2,high,low,7,cloudflare,,,29/09/2026 13:58
6b9a640d-d139-49c8-8e89-ccb82c23e02b,supine.immobilien,available,37.99,37.99,high,low,6,namesilo,,,09/09/2026 15:27
6013512c-4201-4e4f-ac17-334739ff5f6c,shelves.immobilien,available,37.99,37.99,medium,low,7,namesilo,,,29/09/2026 16:26
00498ba6-9f60-4045-bfee-49523740561e,dakota.immobilien,available,30.22,30.22,high,low,6,spaceship,,,28/09/2026 13:51
8107a449-7b2c-469b-b57b-264b3b75799f,ambages.immobilien,available,37.99,37.99,medium,low,7,namesilo,,,18/09/2026 16:24
2f845ca7-1a94-495d-9512-cb051c5dc437,spaciously.immobilien,available,37.99,37.99,high,low,10,namesilo,,,16/09/2026 00:04
864b4858-4e20-4897-8fc6-7f446b314d60,celebrated.immobilien,available,14.99,48.99,high,low,10,name.com,,,11/08/2026 23:10
86028990-9f66-4d2a-909b-42d37ff4e737,horsefish.immobilien,available,39.98,43.98,medium,low,9,namecheap,,,20/09/2026 21:39
962b8f03-7876-45a8-8438-fc2f657bf1cd,whopping.immobilien,available,14.99,48.99,high,low,8,name.com,,,08/08/2026 13:14
250d5bc0-63d2-4008-8121-f9d5deff0605,simple.immobilien,available,37.99,37.99,high,medium,6,namesilo,,,28/09/2026 03:43
62e96cbd-2010-4445-8d1b-847f18c6239f,dressed.immobilien,available,14.99,48.99,high,low,7,name.com,,,22/09/2026 07:16
2f20fa94-4580-489f-8313-dbd34616df19,extensively.immobilien,available,30.22,30.22,medium,low,11,spaceship,,,29/09/2026 20:59
2c1e3655-ad58-475e-a373-659cc7a95a56,accented.immobilien,available,14.99,48.99,medium,low,8,name.com,,,
5e8b0ae0-9994-45a7-bcca-320604c79d64,constitution.immobilien,available,37.99,37.99,high,low,12,namesilo,,,27/09/2026 16:44
a71335ab-0478-4a38-8837-c3d4ab1163a4,add.immobilien,available,29.2,29.2,high,low,3,cloudflare,,,28/09/2026 18:19
23f1f411-edde-4ccb-b77e-f8b5f0fda5c0,aqueduct.immobilien,available,37.99,37.99,high,low,8,namesilo,,,19/09/2026 23:10
3f40c4b1-85e9-42ab-b812-1766ad6056ca,abundantly.immobilien,available,37.99,37.99,medium,low,10,namesilo,,,28/09/2026 11:40
bbb6b318-97f3-4a2e-a962-38da6c321072,yokel.immobilien,available,14.99,48.99,medium,low,5,name.com,,,21/08/2026 08:01
2e77dc8c-e342-4b89-95d8-9f240a6eb720,informers.immobilien,available,37.99,37.99,medium,low,9,namesilo,,,21/09/2026 09:19
dd4c1492-79e5-4ecb-825e-9ee1072689c6,seaward.immobilien,available,14.99,48.99,medium,low,7,name.com,,,22/08/2026 06:58
8ed4cb8d-0740-44f0-aa55-69b94c62eac2,euclidian.immobilien,available,14.99,48.99,high,low,9,name.com,,,17/08/2026 14:04
d70f7dd8-2a93-45a1-b3b6-2b21325ff261,hanoverian.immobilien,available,14.99,48.99,high,low,10,name.com,,,20/08/2026 23:44
b99fd154-cfe2-4756-a137-a583cc89626e,rang.immobilien,available,14.99,,medium,low,4,name.com,,,
4beb58ab-6d25-4b33-b6c1-e15780e26f40,murderers.immobilien,available,30.22,30.22,low,low,9,spaceship,,,28/09/2026 23:41
187f3d6e-5c04-499d-b23a-dfc1b1bf9cb3,hackmatack.immobilien,available,37.99,37.99,medium,low,10,namesilo,,,22/09/2026 00:09
8d6299bd-e85d-4aed-b951-abb220fe66cb,autotelic.immobilien,available,14.99,48.99,high,low,9,name.com,,,07/08/2026 21:08
c49aaa75-32f6-449e-962a-31562f60f365,houghton.immobilien,available,37.99,37.99,medium,low,8,namesilo,,,25/09/2026 23:07
7da4047d-daa5-4bb8-99ac-d0b8e184e057,believable.immobilien,available,14.99,48.99,medium,low,10,name.com,,,09/08/2026 13:01
49953c13-3b9d-4067-ae07-0500a8d1f906,sight.immobilien,available,39.98,43.98,high,low,5,namecheap,,,25/09/2026 20:56
8a2582c8-9299-41c1-9292-203923c5b7f3,affluence.immobilien,available,30.22,30.22,high,low,9,spaceship,,,28/09/2026 19:21
f7ce1610-7944-45ea-8511-c20e332da433,stoutness.immobilien,available,37.99,37.99,medium,low,9,namesilo,,,04/09/2026 22:03
e17e6d4e-a9af-4f30-a8e4-1130d4523603,donkeys.immobilien,available,37.99,37.99,medium,low,7,namesilo,,,20/09/2026 00:20
9b8705ea-0e91-4c71-a59b-60883db6ae2c,assort.immobilien,available,37.99,37.99,high,low,6,namesilo,,,17/09/2026 14:23
c569cfd7-833c-4053-ae84-b6309fb89f13,cursorial.immobilien,available,14.99,48.99,medium,low,9,name.com,,,13/08/2026 11:40
82caef99-72dc-4be7-8572-b34b47301835,drum.immobilien,available,14.99,48.99,high,low,4,name.com,,,10/08/2026 18:17
2a52cd25-5f42-44ac-90e2-8aca20e3daff,bilbao.immobilien,available,8.24,31.15,medium,low,6,dynadot,,,29/09/2026 03:44
d1231d38-2226-483e-b569-3d1a4bba15d8,wandering.immobilien,available,39.98,43.98,high,low,9,namecheap,,,25/09/2026 21:06
740346c4-bd2c-4baf-8668-64a1ab3f1410,flu.immobilien,available,30.22,30.22,high,low,3,spaceship,,,29/09/2026 19:35
5955ca76-8d41-4afa-9584-48b3ed0f7c80,miri.immobilien,available,37.99,37.99,high,low,4,namesilo,,,16/09/2026 16:35
399dc8a6-2c77-48d1-a0d8-6474446fc795,alarum.immobilien,available,37.99,37.99,medium,low,6,namesilo,,,18/09/2026 02:00
4d35786b-dbf7-4c26-9c14-1bc41ee353b4,founded.immobilien,available,30.22,30.22,high,low,7,spaceship,,,28/09/2026 21:04
3332e40d-07e1-4d86-9579-6dde82bb7bc9,clothed.immobilien,available,14.99,48.99,high,low,7,name.com,,,12/08/2026 09:12
e16c90a4-2715-44be-bd7a-c70f99d5e2e3,cleavage.immobilien,available,37.99,37.99,high,low,8,namesilo,,,24/09/2026 15:29
751e1328-8ed8-4b5a-b1a2-a77e7b141b73,ridley.immobilien,available,37.99,37.99,high,low,6,namesilo,,,30/09/2026 02:43
5017427d-1608-4d28-bbde-2f9b801ae9a8,odium.immobilien,available,37.99,37.99,medium,low,5,namesilo,,,16/09/2026 15:27
3548b056-90e8-4c36-b62e-8c9e8dfa9de5,recognizable.immobilien,available,14.99,,high,low,12,name.com,,,
2d502d28-92d7-4805-8925-49330bc4f9cb,amphora.immobilien,available,39.98,43.98,high,low,7,namecheap,,,18/09/2026 23:34
8e0e29ff-9241-4836-89e7-5d4a0e97e2a9,josephine.immobilien,available,30.22,30.22,high,low,9,spaceship,,,28/09/2026 12:04
7d6877cf-51ae-492f-8dcd-481a0fe208c3,blok.immobilien,available,39.98,43.98,high,low,4,namecheap,,,18/09/2026 05:01
4e6a2ac5-8820-4e88-afa2-d4b31d65c0e6,anxiously.immobilien,available,39.98,43.98,medium,low,9,namecheap,,,13/09/2026 20:05
b0429559-e4c4-4ba9-8679-b0def6d6812a,quiver.immobilien,available,39.98,43.98,high,low,6,namecheap,,,11/09/2026 19:13
38142fcd-11cc-4ace-b3eb-bdbcd3253cea,briskly.immobilien,available,37.99,37.99,medium,low,7,namesilo,,,14/09/2026 01:33
9d477c8e-d4d9-4879-8fec-438b8235708c,abstracted.immobilien,available,14.99,48.99,medium,low,10,name.com,,,
cbcdb025-1d51-493e-ab51-55e5a02bb512,singularly.immobilien,available,37.99,37.99,medium,low,10,namesilo,,,16/09/2026 01:55
3adc7da7-832a-4e0b-a562-42857a316616,cure.immobilien,available,39.98,43.98,high,low,4,namecheap,,,24/09/2026 03:52
1b79d3a9-7c5d-4058-aa22-aae6de0a80db,tents.immobilien,available,39.98,43.98,medium,low,5,namecheap,,,29/09/2026 16:28
e02b376d-a964-48da-8866-497b928d8cff,abode.immobilien,available,39.98,43.98,high,low,5,namecheap,,,16/09/2026 16:25
5f8ba99c-5789-472e-b7e1-344912ae7d7d,wishing.immobilien,available,14.99,,high,low,7,name.com,,,
0f592329-f2fe-49a9-9f2e-5514402537e8,turquoise.immobilien,available,37.99,37.99,high,low,9,namesilo,,,19/09/2026 22:52
24b86699-0d6c-46dc-ab03-9558972f83c5,shade.immobilien,available,37.99,37.99,high,low,5,namesilo,,,28/09/2026 02:00
65914778-71be-470d-a29a-e44c30201f08,arius.immobilien,available,37.99,37.99,medium,low,5,namesilo,,,20/09/2026 06:03
7da55fcc-6d10-4ba9-b402-ae6ef9afb7c8,soups.immobilien,available,37.99,37.99,medium,low,5,namesilo,,,19/09/2026 22:44
c04c8e5d-429d-42be-8c03-c26842e0fe8d,conference.immobilien,available,37.99,37.99,high,low,10,namesilo,,,29/09/2026 10:52
38f2c129-f5d3-4e23-9fcf-b808e2e536e0,spoken.immobilien,available,8.24,30.38,high,low,6,porkbun,,,28/09/2026 00:14
a48a6e40-ff82-49df-925a-dd32ca53489a,sutherland.immobilien,available,37.99,37.99,high,low,10,namesilo,,,25/09/2026 04:37
b9eaa29f-f0fe-4c75-a419-36b48d74398e,alimony.immobilien,available,30.22,30.22,medium,low,7,spaceship,,,28/09/2026 20:27
edd83161-fc2e-4b7d-a00b-040328c20766,phoney.immobilien,available,14.99,48.99,medium,low,6,name.com,,,08/08/2026 23:14
43d6350c-fe72-4660-afc4-8ccfb0d0167e,amain.immobilien,available,39.98,43.98,medium,low,5,namecheap,,,13/09/2026 19:25
f8104d80-fbf2-4a6c-b3e3-207b13d02095,symbiotic.immobilien,available,37.99,37.99,high,low,9,namesilo,,,11/09/2026 06:01
58103b90-332d-4b32-9b76-d0d33f6550ba,accede.immobilien,available,37.99,37.99,high,low,6,namesilo,,,20/09/2026 16:11
5a5c0c5a-cc2c-42f8-baf4-c3cdc314d395,lewis.immobilien,available,37.99,37.99,high,low,5,namesilo,,,25/09/2026 03:55
4e4caff3-b13a-4eb9-8a8f-6e5ae1c79938,incognito.immobilien,available,14.99,48.99,high,low,9,name.com,,,22/08/2026 01:36
5789f17e-5cc8-4fcf-946d-332b495a8ef0,commonsense.immobilien,available,14.99,,high,low,12,name.com,,,
6637f30b-f313-4914-ae07-98297d70c4e9,insipid.immobilien,available,14.99,48.99,medium,low,7,name.com,,,10/08/2026 12:59
5e92342c-9d71-4fbc-8bda-59209dd82b66,bermudas.immobilien,available,37.99,37.99,medium,low,8,namesilo,,,23/09/2026 09:44
1ee599a3-fe37-4e60-be5e-15a3da18e856,coffee.immobilien,available,30.22,30.22,high,medium,6,spaceship,,,29/09/2026 10:14
ff5c5fc6-e907-4bcf-914f-fbf0eda96503,archangel.immobilien,available,37.99,37.99,high,low,9,namesilo,,,19/09/2026 05:59
4197890b-2e25-45f9-ae6b-dcbe915526cd,shrub.immobilien,available,37.99,37.99,high,low,5,namesilo,,,23/09/2026 11:56
fad2cfbb-6b16-49f4-b6f9-d7999b9faa13,hogarth.immobilien,available,8.24,30.38,high,low,7,porkbun,,,29/09/2026 13:03
022736d7-99c0-4407-a663-b79365a1bdee,ghost.immobilien,available,39.98,43.98,high,medium,5,namecheap,,,25/09/2026 06:32
a18127dd-61ad-4726-b032-00fd03c47a10,adjacent.immobilien,available,14.99,48.99,high,low,8,name.com,,,
aeb08f0c-ff40-4ec9-a70a-43a2d2a95754,norris.immobilien,available,39.98,43.98,high,low,6,namecheap,,,23/09/2026 08:18
98edfaf8-1c40-4467-a8cb-b0e28846e080,climactic.immobilien,available,14.99,48.99,high,low,9,name.com,,,12/08/2026 10:55
03c33463-c0a3-4370-b183-bfdefb503398,nsw.immobilien,available,37.99,37.99,high,low,3,namesilo,,,28/09/2026 10:31
95f28da6-21d3-4ef1-b630-f199ec536e39,butts.immobilien,available,8.24,30.38,high,low,5,porkbun,,,29/09/2026 11:36
6f576322-d455-4051-95b2-63a2ec6718e0,potbellied.immobilien,available,14.99,48.99,medium,low,10,name.com,,,
60ad0a36-9f44-4c2f-8d5a-5a4f6713315a,prostitute.immobilien,available,14.99,48.99,high,low,10,name.com,,,13/08/2026 14:11
37f02b0a-690a-4d26-a46e-c11625fcafe7,reborn.immobilien,available,14.99,48.99,high,low,6,name.com,,,10/08/2026 20:11
682efa25-4976-44cb-93f1-739ce5bd89de,incompetent.immobilien,available,30.22,30.22,medium,low,11,spaceship,,,28/09/2026 21:19
9135d062-776d-4db7-bdb6-441f177bd1e8,lade.immobilien,available,14.99,48.99,medium,low,4,name.com,,,22/08/2026 18:36
ac3bb74f-bdaf-49c7-a739-76a3570fde83,bazooka.immobilien,available,39.98,43.98,high,low,7,namecheap,,,22/09/2026 18:25
546527ec-def7-4d4b-bdac-0bd2710aa6dd,celeriac.immobilien,available,37.99,37.99,medium,low,8,namesilo,,,19/09/2026 17:33
d0400802-3704-49da-b551-f60ef1c1c49c,cruz.immobilien,available,37.99,37.99,high,low,4,namesilo,,,25/09/2026 11:52